RecordNumber,Yr,CountyCode,DistrictKey,DistrictCode,DistrictName,FundCode,FundDescrip,ResourceCode,ResourceDescrip,Revenue
29906,2006,8,I089,55I089,"OKLAHOMA CITY",11,"GEN FUND-FOR OPERAT",1110,"AD VAL TX LV (CUR YR",54080506.59
29907,2006,8,I089,55I089,"OKLAHOMA CITY",11,"GEN FUND-FOR OPERAT",1120,"AD VAL TX LV (PRIOR)",3322505.92
29908,2006,8,I089,55I089,"OKLAHOMA CITY",11,"GEN FUND-FOR OPERAT",1130,"REV IN LIEU OF TAXES",81134.19
29909,2006,8,I089,55I089,"OKLAHOMA CITY",11,"GEN FUND-FOR OPERAT",1214,"GED TESTING FEES",1080.00
29910,2006,8,I089,55I089,"OKLAHOMA CITY",11,"GEN FUND-FOR OPERAT",1230,"SUMMER SCH TUITION",64043.00
29911,2006,8,I089,55I089,"OKLAHOMA CITY",11,"GEN FUND-FOR OPERAT",1260,"EXTENDED SCHOOL CARE",3813.00
29912,2006,8,I089,55I089,"OKLAHOMA CITY",11,"GEN FUND-FOR OPERAT",1290,"OTHER TUITION & FEES",585.00
29913,2006,8,I089,55I089,"OKLAHOMA CITY",11,"GEN FUND-FOR OPERAT",1310,"INTEREST EARNINGS",1562658.67
29914,2006,8,I089,55I089,"OKLAHOMA CITY",11,"GEN FUND-FOR OPERAT",1410,"RNTL OF SCH FAC",131287.80
29915,2006,8,I089,55I089,"OKLAHOMA CITY",11,"GEN FUND-FOR OPERAT",1420,"RNTL OTH SCH FAC",30000.62
29916,2006,8,I089,55I089,"OKLAHOMA CITY",11,"GEN FUND-FOR OPERAT",1440,"SLS EQUIP  SVC  MTL",83821.12
29917,2006,8,I089,55I089,"OKLAHOMA CITY",11,"GEN FUND-FOR OPERAT",1580,"SCH SPON ACT TRAN FS",82277.85
29918,2006,8,I089,55I089,"OKLAHOMA CITY",11,"GEN FUND-FOR OPERAT",1590,"MISC REIMBURSEMENTS",179092.24
29919,2006,8,I089,55I089,"OKLAHOMA CITY",11,"GEN FUND-FOR OPERAT",1610,"CONTRB & DNTS-PR SCS",8050249.71
29920,2006,8,I089,55I089,"OKLAHOMA CITY",11,"GEN FUND-FOR OPERAT",1650,"DISTRICT CONTRACTS",1199730.84
29921,2006,8,I089,55I089,"OKLAHOMA CITY",11,"GEN FUND-FOR OPERAT",1660,"MIN RYLTS & LSE REV",115116.38
29922,2006,8,I089,55I089,"OKLAHOMA CITY",11,"GEN FUND-FOR OPERAT",1680,"REFUND OF EXPNDTRES",8216.99
29923,2006,8,I089,55I089,"OKLAHOMA CITY",11,"GEN FUND-FOR OPERAT",1680,"REFUND OF EXPNDTRES",150.00
29924,2006,8,I089,55I089,"OKLAHOMA CITY",11,"GEN FUND-FOR OPERAT",1690,"MISC REV-DISTR SRCS",14349.35
29925,2006,8,I089,55I089,"OKLAHOMA CITY",11,"GEN FUND-FOR OPERAT",2100,"COUNTY 4 MILL AD VAL",5926028.06
29926,2006,8,I089,55I089,"OKLAHOMA CITY",11,"GEN FUND-FOR OPERAT",2200,"COUNTY APPORTN (MTG)",2022475.58
29927,2006,8,I089,55I089,"OKLAHOMA CITY",11,"GEN FUND-FOR OPERAT",3110,"GROSS PRODUCTION TAX",363416.33
29928,2006,8,I089,55I089,"OKLAHOMA CITY",11,"GEN FUND-FOR OPERAT",3120,"MOTOR VEH COLLECTION",16891214.44
29929,2006,8,I089,55I089,"OKLAHOMA CITY",11,"GEN FUND-FOR OPERAT",3130,"R.E.A. TAX",643.33
29930,2006,8,I089,55I089,"OKLAHOMA CITY",11,"GEN FUND-FOR OPERAT",3140,"ST SCH LAND EARNINGS",2416502.27
29931,2006,8,I089,55I089,"OKLAHOMA CITY",11,"GEN FUND-FOR OPERAT",3150,"VEHICLE TAX STAMP",114479.87
29932,2006,8,I089,55I089,"OKLAHOMA CITY",11,"GEN FUND-FOR OPERAT",3210,"FNDTN & SAL INC AID",104787977.00
29933,2006,8,I089,55I089,"OKLAHOMA CITY",11,"GEN FUND-FOR OPERAT",3230,"TCH CONS STIPEND",41638.00
29934,2006,8,I089,55I089,"OKLAHOMA CITY",11,"GEN FUND-FOR OPERAT",3250,"ED FLEX BEN ALLOW",1932974.35
29935,2006,8,I089,55I089,"OKLAHOMA CITY",11,"GEN FUND-FOR OPERAT",3250,"ED FLEX BEN ALLOW",8438046.57
29936,2006,8,I089,55I089,"OKLAHOMA CITY",11,"GEN FUND-FOR OPERAT",3250,"ED FLEX BEN ALLOW",2610419.22
29937,2006,8,I089,55I089,"OKLAHOMA CITY",11,"GEN FUND-FOR OPERAT",3310,"ALTN/HIGH CHLG EDU",1436523.00
29938,2006,8,I089,55I089,"OKLAHOMA CITY",11,"GEN FUND-FOR OPERAT",3411,"PROF DEV.",143212.00
29939,2006,8,I089,55I089,"OKLAHOMA CITY",11,"GEN FUND-FOR OPERAT",3415,"READING SUFF FUNDS",666200.10
29940,2006,8,I089,55I089,"OKLAHOMA CITY",11,"GEN FUND-FOR OPERAT",3420,"STATE TEXTBOOK",2030890.00
29941,2006,8,I089,55I089,"OKLAHOMA CITY",11,"GEN FUND-FOR OPERAT",3430,"ADULT ED MATCHING",162499.22
29942,2006,8,I089,55I089,"OKLAHOMA CITY",11,"GEN FUND-FOR OPERAT",3440,"DRIVER EDUCATION",3091.79
29943,2006,8,I089,55I089,"OKLAHOMA CITY",11,"GEN FUND-FOR OPERAT",3470,"AP INCENT",68329.00
29944,2006,8,I089,55I089,"OKLAHOMA CITY",11,"GEN FUND-FOR OPERAT",3470,"AP INCENT",13709.00
29945,2006,8,I089,55I089,"OKLAHOMA CITY",11,"GEN FUND-FOR OPERAT",3470,"AP INCENT",12390.00
29946,2006,8,I089,55I089,"OKLAHOMA CITY",11,"GEN FUND-FOR OPERAT",3570,"OK PARENTS TEACHERS",78380.89
29947,2006,8,I089,55I089,"OKLAHOMA CITY",11,"GEN FUND-FOR OPERAT",3620,"STATE LAND REIMBURSE",7.36
29948,2006,8,I089,55I089,"OKLAHOMA CITY",11,"GEN FUND-FOR OPERAT",3690,"OTH MISC STATE REV",20800.00
29949,2006,8,I089,55I089,"OKLAHOMA CITY",11,"GEN FUND-FOR OPERAT",3690,"OTH MISC STATE REV",3781.01
29950,2006,8,I089,55I089,"OKLAHOMA CITY",11,"GEN FUND-FOR OPERAT",3690,"OTH MISC STATE REV",17156.86
29951,2006,8,I089,55I089,"OKLAHOMA CITY",11,"GEN FUND-FOR OPERAT",3811,"COMPR HS VO SAL REIM",140000.00
29952,2006,8,I089,55I089,"OKLAHOMA CITY",11,"GEN FUND-FOR OPERAT",3812,"VOCAT ASSIST GTS",536700.00
29953,2006,8,I089,55I089,"OKLAHOMA CITY",11,"GEN FUND-FOR OPERAT",3813,"LOCAL DIRECTORS",10000.00
29954,2006,8,I089,55I089,"OKLAHOMA CITY",11,"GEN FUND-FOR OPERAT",3869,REHABILITATION,41648.81
29955,2006,8,I089,55I089,"OKLAHOMA CITY",11,"GEN FUND-FOR OPERAT",3879,"HIGH SCHLS THAT WORK",29058.76
29956,2006,8,I089,55I089,"OKLAHOMA CITY",11,"GEN FUND-FOR OPERAT",4140,"T7-PART A  IND. ED.",415638.94
29957,2006,8,I089,55I089,"OKLAHOMA CITY",11,"GEN FUND-FOR OPERAT",4150,ROTC,412562.27
29958,2006,8,I089,55I089,"OKLAHOMA CITY",11,"GEN FUND-FOR OPERAT",4166,"NATIONAL SCI. FOUN.",2539.86
29959,2006,8,I089,55I089,"OKLAHOMA CITY",11,"GEN FUND-FOR OPERAT",4210,"TITLE I-PART A",16279813.81
29960,2006,8,I089,55I089,"OKLAHOMA CITY",11,"GEN FUND-FOR OPERAT",4210,"TITLE I-PART A",913871.10
29961,2006,8,I089,55I089,"OKLAHOMA CITY",11,"GEN FUND-FOR OPERAT",4210,"TITLE I-PART A",1213881.95
29962,2006,8,I089,55I089,"OKLAHOMA CITY",11,"GEN FUND-FOR OPERAT",4221,"T1-SUB. 1  READING",2203992.20
29963,2006,8,I089,55I089,"OKLAHOMA CITY",11,"GEN FUND-FOR OPERAT",4222,"T1-SUB. 3  EVEN ST.",351069.68
29964,2006,8,I089,55I089,"OKLAHOMA CITY",11,"GEN FUND-FOR OPERAT",4240,"T1-PART D  NEG./COR.",427.23
29965,2006,8,I089,55I089,"OKLAHOMA CITY",11,"GEN FUND-FOR OPERAT",4260,"T1-PART F  CSR",611248.73
29966,2006,8,I089,55I089,"OKLAHOMA CITY",11,"GEN FUND-FOR OPERAT",4271,"T2-PART A  RECRUIT",3606749.73
29967,2006,8,I089,55I089,"OKLAHOMA CITY",11,"GEN FUND-FOR OPERAT",4272,"T2-PART D  TECH",376534.74
29968,2006,8,I089,55I089,"OKLAHOMA CITY",11,"GEN FUND-FOR OPERAT",4272,"T2-PART D  TECH",155700.91
29969,2006,8,I089,55I089,"OKLAHOMA CITY",11,"GEN FUND-FOR OPERAT",4281,"T3-PART A  LANGUAGE",248127.04
29970,2006,8,I089,55I089,"OKLAHOMA CITY",11,"GEN FUND-FOR OPERAT",4281,"T3-PART A  LANGUAGE",1222926.58
29971,2006,8,I089,55I089,"OKLAHOMA CITY",11,"GEN FUND-FOR OPERAT",4310,"IDEA PL 105-17",10549470.76
29972,2006,8,I089,55I089,"OKLAHOMA CITY",11,"GEN FUND-FOR OPERAT",4340,"AGES 3-5  IDEA",182868.23
29973,2006,8,I089,55I089,"OKLAHOMA CITY",11,"GEN FUND-FOR OPERAT",4441,"T4-PART A  SAFE SCH",373253.75
29974,2006,8,I089,55I089,"OKLAHOMA CITY",11,"GEN FUND-FOR OPERAT",4461,"T5-PT A St Gr Innov",213349.81
29975,2006,8,I089,55I089,"OKLAHOMA CITY",11,"GEN FUND-FOR OPERAT",4462,"T5-PART B  CHARTER",503081.48
29976,2006,8,I089,55I089,"OKLAHOMA CITY",11,"GEN FUND-FOR OPERAT",4480,"Title 10-HOMELESS",175330.35
29977,2006,8,I089,55I089,"OKLAHOMA CITY",11,"GEN FUND-FOR OPERAT",4490,"HURRICANE RELIEF",330000.00
29978,2006,8,I089,55I089,"OKLAHOMA CITY",11,"GEN FUND-FOR OPERAT",4490,"HURRICANE RELIEF",20625.00
29979,2006,8,I089,55I089,"OKLAHOMA CITY",11,"GEN FUND-FOR OPERAT",4550,J-O'MALLEY,132869.30
29980,2006,8,I089,55I089,"OKLAHOMA CITY",11,"GEN FUND-FOR OPERAT",4580,"MEDICAID RESOURCES",60597.26
29981,2006,8,I089,55I089,"OKLAHOMA CITY",11,"GEN FUND-FOR OPERAT",4611,"ADULT EDUCATION",426673.08
29982,2006,8,I089,55I089,"OKLAHOMA CITY",11,"GEN FUND-FOR OPERAT",4611,"ADULT EDUCATION",41461.68
29983,2006,8,I089,55I089,"OKLAHOMA CITY",11,"GEN FUND-FOR OPERAT",4613,"TANF THRU SDE",403910.06
29984,2006,8,I089,55I089,"OKLAHOMA CITY",11,"GEN FUND-FOR OPERAT",4685,"SERVE AMERICA PROG",3500.00
29985,2006,8,I089,55I089,"OKLAHOMA CITY",11,"GEN FUND-FOR OPERAT",4689,"OTH MISC FED REV",0.00
29986,2006,8,I089,55I089,"OKLAHOMA CITY",11,"GEN FUND-FOR OPERAT",4689,"OTH MISC FED REV",3607327.41
29987,2006,8,I089,55I089,"OKLAHOMA CITY",11,"GEN FUND-FOR OPERAT",4750,"CHILD & ADULT FOOD",22466.68
29988,2006,8,I089,55I089,"OKLAHOMA CITY",11,"GEN FUND-FOR OPERAT",4821,"C PERKINS",1098773.71
29989,2006,8,I089,55I089,"OKLAHOMA CITY",11,"GEN FUND-FOR OPERAT",5160,"ACTIVITY FUND REIMB",1401317.89
29990,2006,8,I089,55I089,"OKLAHOMA CITY",11,"GEN FUND-FOR OPERAT",5160,"ACTIVITY FUND REIMB",263.98
29991,2006,8,I089,55I089,"OKLAHOMA CITY",11,"GEN FUND-FOR OPERAT",5800,"CHARTER SCHL REIMB",4330.65
29992,2006,8,I089,55I089,"OKLAHOMA CITY",11,"GEN FUND-FOR OPERAT",6110,"CASH FORWARD",50026113.97
29993,2006,8,I089,55I089,"OKLAHOMA CITY",21,"BUILDING FUND",1110,"AD VAL TX LV (CUR YR",7714568.31
29994,2006,8,I089,55I089,"OKLAHOMA CITY",21,"BUILDING FUND",1120,"AD VAL TX LV (PRIOR)",463698.80
29995,2006,8,I089,55I089,"OKLAHOMA CITY",21,"BUILDING FUND",1310,"INTEREST EARNINGS",4728.17
29996,2006,8,I089,55I089,"OKLAHOMA CITY",21,"BUILDING FUND",1440,"SLS EQUIP  SVC  MTL",-30.69
29997,2006,8,I089,55I089,"OKLAHOMA CITY",21,"BUILDING FUND",1530,"DAMAGES TO SCH PROP",6301.97
29998,2006,8,I089,55I089,"OKLAHOMA CITY",21,"BUILDING FUND",1590,"MISC REIMBURSEMENTS",210.00
29999,2006,8,I089,55I089,"OKLAHOMA CITY",21,"BUILDING FUND",1690,"MISC REV-DISTR SRCS",493.50
30000,2006,8,I089,55I089,"OKLAHOMA CITY",21,"BUILDING FUND",3250,"ED FLEX BEN ALLOW",59091.55
30001,2006,8,I089,55I089,"OKLAHOMA CITY",21,"BUILDING FUND",3250,"ED FLEX BEN ALLOW",301345.43
30002,2006,8,I089,55I089,"OKLAHOMA CITY",21,"BUILDING FUND",6110,"CASH FORWARD",1261289.70
30003,2006,8,I089,55I089,"OKLAHOMA CITY",22,"CHILD NUTRITION PROG",1310,"INTEREST EARNINGS",5643.01
30004,2006,8,I089,55I089,"OKLAHOMA CITY",22,"CHILD NUTRITION PROG",1590,"MISC REIMBURSEMENTS",1835.05
30005,2006,8,I089,55I089,"OKLAHOMA CITY",22,"CHILD NUTRITION PROG",1710,"STUDENTS' MEALS",1425623.37
30006,2006,8,I089,55I089,"OKLAHOMA CITY",22,"CHILD NUTRITION PROG",1730,"ADULT LUNCHES/BRKFTS",168611.67
30007,2006,8,I089,55I089,"OKLAHOMA CITY",22,"CHILD NUTRITION PROG",1760,"CONTR LNCH/BK/MK/SUP",-1220.00
30008,2006,8,I089,55I089,"OKLAHOMA CITY",22,"CHILD NUTRITION PROG",1790,"OTH DISTR REV (CNP)",135483.49
30009,2006,8,I089,55I089,"OKLAHOMA CITY",22,"CHILD NUTRITION PROG",3250,"ED FLEX BEN ALLOW",565278.64
30010,2006,8,I089,55I089,"OKLAHOMA CITY",22,"CHILD NUTRITION PROG",3250,"ED FLEX BEN ALLOW",470.79
30011,2006,8,I089,55I089,"OKLAHOMA CITY",22,"CHILD NUTRITION PROG",3250,"ED FLEX BEN ALLOW",554584.51
30012,2006,8,I089,55I089,"OKLAHOMA CITY",22,"CHILD NUTRITION PROG",3720,"STATE MATCHING",259485.03
30013,2006,8,I089,55I089,"OKLAHOMA CITY",22,"CHILD NUTRITION PROG",4710,LUNCHES,9564539.51
30014,2006,8,I089,55I089,"OKLAHOMA CITY",22,"CHILD NUTRITION PROG",4720,BREAKFASTS,3441058.18
30015,2006,8,I089,55I089,"OKLAHOMA CITY",22,"CHILD NUTRITION PROG",4740,"SUMMER FOOD SER PROG",358333.92
30016,2006,8,I089,55I089,"OKLAHOMA CITY",22,"CHILD NUTRITION PROG",5190,"MISC REVENUE TRANSF",63276.02
30017,2006,8,I089,55I089,"OKLAHOMA CITY",22,"CHILD NUTRITION PROG",6110,"CASH FORWARD",1156889.20
30018,2006,8,I089,55I089,"OKLAHOMA CITY",24,"MAPS TRUST",1140,"OTHR GOVMT UNITS",6023912.28
30019,2006,8,I089,55I089,"OKLAHOMA CITY",31,"LEA ASSIGNED",6110,"CASH FORWARD",-488.26
30020,2006,8,I089,55I089,"OKLAHOMA CITY",32,"LEA ASSIGNED",1310,"INTEREST EARNINGS",420634.75
30021,2006,8,I089,55I089,"OKLAHOMA CITY",32,"LEA ASSIGNED",1590,"MISC REIMBURSEMENTS",-95.00
30022,2006,8,I089,55I089,"OKLAHOMA CITY",32,"LEA ASSIGNED",6110,"CASH FORWARD",3548747.29
30023,2006,8,I089,55I089,"OKLAHOMA CITY",33,"LEA ASSIGNED",1310,"INTEREST EARNINGS",295.86
30024,2006,8,I089,55I089,"OKLAHOMA CITY",33,"LEA ASSIGNED",6110,"CASH FORWARD",13529.51
30025,2006,8,I089,55I089,"OKLAHOMA CITY",34,"LEA ASSIGNED",1310,"INTEREST EARNINGS",380754.84
30026,2006,8,I089,55I089,"OKLAHOMA CITY",34,"LEA ASSIGNED",1590,"MISC REIMBURSEMENTS",-20.00
30027,2006,8,I089,55I089,"OKLAHOMA CITY",34,"LEA ASSIGNED",6110,"CASH FORWARD",26801264.45
30028,2006,8,I089,55I089,"OKLAHOMA CITY",35,"LEA ASSIGNED",1310,"INTEREST EARNINGS",668395.32
30029,2006,8,I089,55I089,"OKLAHOMA CITY",35,"LEA ASSIGNED",6110,"CASH FORWARD",20935191.27
30030,2006,8,I089,55I089,"OKLAHOMA CITY",36,"LEA ASSIGNED",1310,"INTEREST EARNINGS",1972.40
30031,2006,8,I089,55I089,"OKLAHOMA CITY",36,"LEA ASSIGNED",5112,"PRCEDS SALE ORIG BND",27932795.94
30032,2006,8,I089,55I089,"OKLAHOMA CITY",39,"LEA ASSIGNED",1310,"INTEREST EARNINGS",2288637.46
30033,2006,8,I089,55I089,"OKLAHOMA CITY",39,"LEA ASSIGNED",1590,"MISC REIMBURSEMENTS",-160.00
30034,2006,8,I089,55I089,"OKLAHOMA CITY",39,"LEA ASSIGNED",6110,"CASH FORWARD",35766232.72
30035,2006,8,I089,55I089,"OKLAHOMA CITY",41,"SINKING FUND",1110,"AD VAL TX LV (CUR YR",25237920.29
30036,2006,8,I089,55I089,"OKLAHOMA CITY",41,"SINKING FUND",1120,"AD VAL TX LV (PRIOR)",1591004.11
30037,2006,8,I089,55I089,"OKLAHOMA CITY",41,"SINKING FUND",1310,"INTEREST EARNINGS",320870.57
30038,2006,8,I089,55I089,"OKLAHOMA CITY",41,"SINKING FUND",5111,"PREMIUM ON BNDS SOLD",1220780.00
30039,2006,8,I089,55I089,"OKLAHOMA CITY",41,"SINKING FUND",6110,"CASH FORWARD",32724075.06
30040,2006,8,I089,55I089,"OKLAHOMA CITY",60,"SCHOOL ACTIVITY FNDS",1214,"GED TESTING FEES",8849.50
30041,2006,8,I089,55I089,"OKLAHOMA CITY",60,"SCHOOL ACTIVITY FNDS",1220,"CONTINUING EDUCATION",46720.50
30042,2006,8,I089,55I089,"OKLAHOMA CITY",60,"SCHOOL ACTIVITY FNDS",1230,"SUMMER SCH TUITION",7411.94
30043,2006,8,I089,55I089,"OKLAHOMA CITY",60,"SCHOOL ACTIVITY FNDS",1260,"EXTENDED SCHOOL CARE",888081.99
30044,2006,8,I089,55I089,"OKLAHOMA CITY",60,"SCHOOL ACTIVITY FNDS",1290,"OTHER TUITION & FEES",36993.41
30045,2006,8,I089,55I089,"OKLAHOMA CITY",60,"SCHOOL ACTIVITY FNDS",1310,"INTEREST EARNINGS",10218.71
30046,2006,8,I089,55I089,"OKLAHOMA CITY",60,"SCHOOL ACTIVITY FNDS",1340,"ACCR INT ON BOND SLS",21.02
30047,2006,8,I089,55I089,"OKLAHOMA CITY",60,"SCHOOL ACTIVITY FNDS",1350,"INTEREST ON TAXES",402.15
30048,2006,8,I089,55I089,"OKLAHOMA CITY",60,"SCHOOL ACTIVITY FNDS",1410,"RNTL OF SCH FAC",237.43
30049,2006,8,I089,55I089,"OKLAHOMA CITY",60,"SCHOOL ACTIVITY FNDS",1450,"BOOKSTORE REVENUE",30.65
30050,2006,8,I089,55I089,"OKLAHOMA CITY",60,"SCHOOL ACTIVITY FNDS",1460,COMMISSIONS,434660.17
30051,2006,8,I089,55I089,"OKLAHOMA CITY",60,"SCHOOL ACTIVITY FNDS",1470,"SHOP REVENUE",238.12
30052,2006,8,I089,55I089,"OKLAHOMA CITY",60,"SCHOOL ACTIVITY FNDS",1510,"INS LOSS RECOVERIES",8157.47
30053,2006,8,I089,55I089,"OKLAHOMA CITY",60,"SCHOOL ACTIVITY FNDS",1530,"DAMAGES TO SCH PROP",446.50
30054,2006,8,I089,55I089,"OKLAHOMA CITY",60,"SCHOOL ACTIVITY FNDS",1540,"LOST TEXTBOOKS",31172.32
30055,2006,8,I089,55I089,"OKLAHOMA CITY",60,"SCHOOL ACTIVITY FNDS",1580,"SCH SPON ACT TRAN FS",22645.93
30056,2006,8,I089,55I089,"OKLAHOMA CITY",60,"SCHOOL ACTIVITY FNDS",1590,"MISC REIMBURSEMENTS",8255.74
30057,2006,8,I089,55I089,"OKLAHOMA CITY",60,"SCHOOL ACTIVITY FNDS",1610,"CONTRB & DNTS-PR SCS",913699.22
30058,2006,8,I089,55I089,"OKLAHOMA CITY",60,"SCHOOL ACTIVITY FNDS",1620,"COMMUNITY SERVICES",41.92
30059,2006,8,I089,55I089,"OKLAHOMA CITY",60,"SCHOOL ACTIVITY FNDS",1640,ENDOWMENTS,45.00
30060,2006,8,I089,55I089,"OKLAHOMA CITY",60,"SCHOOL ACTIVITY FNDS",1650,"DISTRICT CONTRACTS",172.00
30061,2006,8,I089,55I089,"OKLAHOMA CITY",60,"SCHOOL ACTIVITY FNDS",1690,"MISC REV-DISTR SRCS",67.00
30062,2006,8,I089,55I089,"OKLAHOMA CITY",60,"SCHOOL ACTIVITY FNDS",1810,ADMISSIONS,142470.77
30063,2006,8,I089,55I089,"OKLAHOMA CITY",60,"SCHOOL ACTIVITY FNDS",1820,"ADVTSNG & PROG SALES",1945.00
30064,2006,8,I089,55I089,"OKLAHOMA CITY",60,"SCHOOL ACTIVITY FNDS",1830,CONCESSIONS,8005.31
30065,2006,8,I089,55I089,"OKLAHOMA CITY",60,"SCHOOL ACTIVITY FNDS",1840,"DUES & MEMBERSHIPS",2229.39
30066,2006,8,I089,55I089,"OKLAHOMA CITY",60,"SCHOOL ACTIVITY FNDS",1850,"FEES PENALTIES FINES",19231.36
30067,2006,8,I089,55I089,"OKLAHOMA CITY",60,"SCHOOL ACTIVITY FNDS",1860,"GAME CONTR & GUARAN",6338.77
30068,2006,8,I089,55I089,"OKLAHOMA CITY",60,"SCHOOL ACTIVITY FNDS",1870,"STATE PLAY-OFF REV",1689.48
30069,2006,8,I089,55I089,"OKLAHOMA CITY",60,"SCHOOL ACTIVITY FNDS",1890,"OTH ATHLETIC REV",3060.14
30070,2006,8,I089,55I089,"OKLAHOMA CITY",60,"SCHOOL ACTIVITY FNDS",1910,ADMISSIONS,188469.14
30071,2006,8,I089,55I089,"OKLAHOMA CITY",60,"SCHOOL ACTIVITY FNDS",1920,"CONCESSIONS SALES",9651.63
30072,2006,8,I089,55I089,"OKLAHOMA CITY",60,"SCHOOL ACTIVITY FNDS",1950,"REV FM RESALE MCHD",1490830.00
30073,2006,8,I089,55I089,"OKLAHOMA CITY",60,"SCHOOL ACTIVITY FNDS",1960,"STD ACTIVITY TKTS",4409.61
30074,2006,8,I089,55I089,"OKLAHOMA CITY",60,"SCHOOL ACTIVITY FNDS",1970,"STD CLUBS & ORGS",167667.79
30075,2006,8,I089,55I089,"OKLAHOMA CITY",60,"SCHOOL ACTIVITY FNDS",1980,"STUDENT STORE SALES",26988.19
30076,2006,8,I089,55I089,"OKLAHOMA CITY",60,"SCHOOL ACTIVITY FNDS",1990,"OTH SCH ACT FND RCP",492888.36
30077,2006,8,I089,55I089,"OKLAHOMA CITY",60,"SCHOOL ACTIVITY FNDS",5120,"CASH OR CHANGE",34411.58
30078,2006,8,I089,55I089,"OKLAHOMA CITY",60,"SCHOOL ACTIVITY FNDS",5190,"MISC REVENUE TRANSF",0.01
30079,2006,8,I089,55I089,"OKLAHOMA CITY",60,"SCHOOL ACTIVITY FNDS",5200,"REV FOR SCG FD MGMT",13278.29
30080,2006,8,I089,55I089,"OKLAHOMA CITY",60,"SCHOOL ACTIVITY FNDS",5600,"CORRECTING ENTRY",52704.46
30081,2006,8,I089,55I089,"OKLAHOMA CITY",60,"SCHOOL ACTIVITY FNDS",6110,"CASH FORWARD",1687514.11
30082,2006,8,I089,55I089,"OKLAHOMA CITY",81,"GIFTS FUND",1310,"INTEREST EARNINGS",305.39
30083,2006,8,I089,55I089,"OKLAHOMA CITY",81,"GIFTS FUND",1610,"CONTRB & DNTS-PR SCS",71735.00
30084,2006,8,I089,55I089,"OKLAHOMA CITY",81,"GIFTS FUND",5600,"CORRECTING ENTRY",172.29
30085,2006,8,I089,55I089,"OKLAHOMA CITY",81,"GIFTS FUND",6110,"CASH FORWARD",60110.16
75438,2007,55,I089,55I089,"OKLAHOMA CITY",11,"GEN FUND-FOR OPERAT",1110,"AD VAL TX LV (CUR YR",52085989.11
75439,2007,55,I089,55I089,"OKLAHOMA CITY",11,"GEN FUND-FOR OPERAT",1120,"AD VAL TX LV (PRIOR)",3153517.96
75440,2007,55,I089,55I089,"OKLAHOMA CITY",11,"GEN FUND-FOR OPERAT",1130,"REV IN LIEU OF TAXES",113088.06
75441,2007,55,I089,55I089,"OKLAHOMA CITY",11,"GEN FUND-FOR OPERAT",1214,"GED TESTING FEES",1435.00
75442,2007,55,I089,55I089,"OKLAHOMA CITY",11,"GEN FUND-FOR OPERAT",1230,"SUMMER SCH TUITION",43945.00
75443,2007,55,I089,55I089,"OKLAHOMA CITY",11,"GEN FUND-FOR OPERAT",1260,"EXTENDED SCHOOL CARE",2829.00
75444,2007,55,I089,55I089,"OKLAHOMA CITY",11,"GEN FUND-FOR OPERAT",1310,"INTEREST EARNINGS",2965882.06
75445,2007,55,I089,55I089,"OKLAHOMA CITY",11,"GEN FUND-FOR OPERAT",1350,"INTEREST ON TAXES",98.96
75446,2007,55,I089,55I089,"OKLAHOMA CITY",11,"GEN FUND-FOR OPERAT",1410,"RNTL OF SCH FAC",66658.70
75447,2007,55,I089,55I089,"OKLAHOMA CITY",11,"GEN FUND-FOR OPERAT",1420,"RNTL OTH SCH FAC",80740.02
75448,2007,55,I089,55I089,"OKLAHOMA CITY",11,"GEN FUND-FOR OPERAT",1430,"SLS BLDG &/OR RE",-622590.73
75449,2007,55,I089,55I089,"OKLAHOMA CITY",11,"GEN FUND-FOR OPERAT",1440,"SLS EQUIP  SVC  MTL",51455.18
75450,2007,55,I089,55I089,"OKLAHOMA CITY",11,"GEN FUND-FOR OPERAT",1440,"SLS EQUIP  SVC  MTL",-1749.41
75451,2007,55,I089,55I089,"OKLAHOMA CITY",11,"GEN FUND-FOR OPERAT",1440,"SLS EQUIP  SVC  MTL",-3110.83
75452,2007,55,I089,55I089,"OKLAHOMA CITY",11,"GEN FUND-FOR OPERAT",1440,"SLS EQUIP  SVC  MTL",-3125.00
75453,2007,55,I089,55I089,"OKLAHOMA CITY",11,"GEN FUND-FOR OPERAT",1510,"INS LOSS RECOVERIES",44997.56
75454,2007,55,I089,55I089,"OKLAHOMA CITY",11,"GEN FUND-FOR OPERAT",1530,"DAMAGES TO SCH PROP",70.00
75455,2007,55,I089,55I089,"OKLAHOMA CITY",11,"GEN FUND-FOR OPERAT",1540,"LOST TEXTBOOKS",52.97
75456,2007,55,I089,55I089,"OKLAHOMA CITY",11,"GEN FUND-FOR OPERAT",1560,"MEDIA SERVICES",0.00
75457,2007,55,I089,55I089,"OKLAHOMA CITY",11,"GEN FUND-FOR OPERAT",1580,"SCH SPON ACT TRAN FS",213648.94
75458,2007,55,I089,55I089,"OKLAHOMA CITY",11,"GEN FUND-FOR OPERAT",1590,"MISC REIMBURSEMENTS",175925.36
75459,2007,55,I089,55I089,"OKLAHOMA CITY",11,"GEN FUND-FOR OPERAT",1610,"CONTRB & DNTS-PR SCS",2390057.46
75460,2007,55,I089,55I089,"OKLAHOMA CITY",11,"GEN FUND-FOR OPERAT",1650,"DISTRICT CONTRACTS",916479.57
75461,2007,55,I089,55I089,"OKLAHOMA CITY",11,"GEN FUND-FOR OPERAT",1660,"MIN RYLTS & LSE REV",135343.84
75462,2007,55,I089,55I089,"OKLAHOMA CITY",11,"GEN FUND-FOR OPERAT",1680,"REFUND OF EXPNDTRES",23520.61
75463,2007,55,I089,55I089,"OKLAHOMA CITY",11,"GEN FUND-FOR OPERAT",1690,"MISC REV-DISTR SRCS",66520.84
75464,2007,55,I089,55I089,"OKLAHOMA CITY",11,"GEN FUND-FOR OPERAT",2100,"COUNTY 4 MILL AD VAL",6683931.30
75465,2007,55,I089,55I089,"OKLAHOMA CITY",11,"GEN FUND-FOR OPERAT",2200,"COUNTY APPORTN (MTG)",2172376.46
75466,2007,55,I089,55I089,"OKLAHOMA CITY",11,"GEN FUND-FOR OPERAT",2300,"RESALE-PROP FND DSTR",245424.37
75467,2007,55,I089,55I089,"OKLAHOMA CITY",11,"GEN FUND-FOR OPERAT",3110,"GROSS PRODUCTION TAX",376555.42
75468,2007,55,I089,55I089,"OKLAHOMA CITY",11,"GEN FUND-FOR OPERAT",3120,"MOTOR VEH COLLECTION",16891214.47
75469,2007,55,I089,55I089,"OKLAHOMA CITY",11,"GEN FUND-FOR OPERAT",3130,"R.E.A. TAX",885.62
75470,2007,55,I089,55I089,"OKLAHOMA CITY",11,"GEN FUND-FOR OPERAT",3140,"ST SCH LAND EARNINGS",2730755.84
75471,2007,55,I089,55I089,"OKLAHOMA CITY",11,"GEN FUND-FOR OPERAT",3150,"VEHICLE TAX STAMP",114673.40
75472,2007,55,I089,55I089,"OKLAHOMA CITY",11,"GEN FUND-FOR OPERAT",3210,"FNDTN & SAL INC AID",112626787.00
75473,2007,55,I089,55I089,"OKLAHOMA CITY",11,"GEN FUND-FOR OPERAT",3230,"TCH CONS STIPEND",47674.32
75474,2007,55,I089,55I089,"OKLAHOMA CITY",11,"GEN FUND-FOR OPERAT",3250,"ED FLEX BEN ALLOW",2369818.44
75475,2007,55,I089,55I089,"OKLAHOMA CITY",11,"GEN FUND-FOR OPERAT",3250,"ED FLEX BEN ALLOW",9025203.16
75476,2007,55,I089,55I089,"OKLAHOMA CITY",11,"GEN FUND-FOR OPERAT",3250,"ED FLEX BEN ALLOW",2609463.39
75477,2007,55,I089,55I089,"OKLAHOMA CITY",11,"GEN FUND-FOR OPERAT",3310,"ALTN/HIGH CHLG EDU",1436523.00
75478,2007,55,I089,55I089,"OKLAHOMA CITY",11,"GEN FUND-FOR OPERAT",3411,"PROF DEV.",142292.00
75479,2007,55,I089,55I089,"OKLAHOMA CITY",11,"GEN FUND-FOR OPERAT",3415,"READING SUFF FUNDS",43193.45
75480,2007,55,I089,55I089,"OKLAHOMA CITY",11,"GEN FUND-FOR OPERAT",3415,"READING SUFF FUNDS",443512.88
75481,2007,55,I089,55I089,"OKLAHOMA CITY",11,"GEN FUND-FOR OPERAT",3420,"STATE TEXTBOOK",2024545.00
75482,2007,55,I089,55I089,"OKLAHOMA CITY",11,"GEN FUND-FOR OPERAT",3430,"ADULT ED MATCHING",278180.15
75483,2007,55,I089,55I089,"OKLAHOMA CITY",11,"GEN FUND-FOR OPERAT",3440,"DRIVER EDUCATION",5249.31
75484,2007,55,I089,55I089,"OKLAHOMA CITY",11,"GEN FUND-FOR OPERAT",3470,"AP INCENT",7461.00
75485,2007,55,I089,55I089,"OKLAHOMA CITY",11,"GEN FUND-FOR OPERAT",3470,"AP INCENT",28200.00
75486,2007,55,I089,55I089,"OKLAHOMA CITY",11,"GEN FUND-FOR OPERAT",3470,"AP INCENT",9400.00
75487,2007,55,I089,55I089,"OKLAHOMA CITY",11,"GEN FUND-FOR OPERAT",3470,"AP INCENT",19700.00
75488,2007,55,I089,55I089,"OKLAHOMA CITY",11,"GEN FUND-FOR OPERAT",3570,"OK PARENTS TEACHERS",131701.94
75489,2007,55,I089,55I089,"OKLAHOMA CITY",11,"GEN FUND-FOR OPERAT",3690,"OTH MISC STATE REV",8301930.31
75490,2007,55,I089,55I089,"OKLAHOMA CITY",11,"GEN FUND-FOR OPERAT",3811,"COMPR HS VO SAL REIM",143200.00
75491,2007,55,I089,55I089,"OKLAHOMA CITY",11,"GEN FUND-FOR OPERAT",3812,"VOCAT ASSIST GTS",630900.00
75492,2007,55,I089,55I089,"OKLAHOMA CITY",11,"GEN FUND-FOR OPERAT",3869,REHABILITATION,45058.55
75493,2007,55,I089,55I089,"OKLAHOMA CITY",11,"GEN FUND-FOR OPERAT",3879,"HIGH SCHLS THAT WORK",6681.64
75494,2007,55,I089,55I089,"OKLAHOMA CITY",11,"GEN FUND-FOR OPERAT",4140,"T7-PART A  IND. ED.",357524.72
75495,2007,55,I089,55I089,"OKLAHOMA CITY",11,"GEN FUND-FOR OPERAT",4150,ROTC,375465.90
75496,2007,55,I089,55I089,"OKLAHOMA CITY",11,"GEN FUND-FOR OPERAT",4210,"TITLE I-PART A",18977258.83
75497,2007,55,I089,55I089,"OKLAHOMA CITY",11,"GEN FUND-FOR OPERAT",4210,"TITLE I-PART A",4242.37
75498,2007,55,I089,55I089,"OKLAHOMA CITY",11,"GEN FUND-FOR OPERAT",4210,"TITLE I-PART A",1495189.27
75499,2007,55,I089,55I089,"OKLAHOMA CITY",11,"GEN FUND-FOR OPERAT",4210,"TITLE I-PART A",108325.12
75500,2007,55,I089,55I089,"OKLAHOMA CITY",11,"GEN FUND-FOR OPERAT",4221,"T1-SUB. 1  READING",2213307.18
75501,2007,55,I089,55I089,"OKLAHOMA CITY",11,"GEN FUND-FOR OPERAT",4222,"T1-SUB. 3  EVEN ST.",238065.85
75502,2007,55,I089,55I089,"OKLAHOMA CITY",11,"GEN FUND-FOR OPERAT",4240,"T1-PART D  NEG./COR.",119760.34
75503,2007,55,I089,55I089,"OKLAHOMA CITY",11,"GEN FUND-FOR OPERAT",4260,"T1-PART F  CSR",283982.76
75504,2007,55,I089,55I089,"OKLAHOMA CITY",11,"GEN FUND-FOR OPERAT",4271,"T2-PART A  RECRUIT",3555672.57
75505,2007,55,I089,55I089,"OKLAHOMA CITY",11,"GEN FUND-FOR OPERAT",4272,"T2-PART D  TECH",220600.35
75506,2007,55,I089,55I089,"OKLAHOMA CITY",11,"GEN FUND-FOR OPERAT",4272,"T2-PART D  TECH",42288.59
75507,2007,55,I089,55I089,"OKLAHOMA CITY",11,"GEN FUND-FOR OPERAT",4281,"T3-PART A  LANGUAGE",336601.65
75508,2007,55,I089,55I089,"OKLAHOMA CITY",11,"GEN FUND-FOR OPERAT",4281,"T3-PART A  LANGUAGE",1063355.18
75509,2007,55,I089,55I089,"OKLAHOMA CITY",11,"GEN FUND-FOR OPERAT",4310,"IDEA PL 105-17",7058.56
75510,2007,55,I089,55I089,"OKLAHOMA CITY",11,"GEN FUND-FOR OPERAT",4310,"IDEA PL 105-17",8418355.89
75511,2007,55,I089,55I089,"OKLAHOMA CITY",11,"GEN FUND-FOR OPERAT",4310,"IDEA PL 105-17",1272467.62
75512,2007,55,I089,55I089,"OKLAHOMA CITY",11,"GEN FUND-FOR OPERAT",4340,"AGES 3-5  IDEA",159059.67
75513,2007,55,I089,55I089,"OKLAHOMA CITY",11,"GEN FUND-FOR OPERAT",4441,"T4-PART A  SAFE SCH",348727.07
75514,2007,55,I089,55I089,"OKLAHOMA CITY",11,"GEN FUND-FOR OPERAT",4461,"T5-PT A St Gr Innov",128151.36
75515,2007,55,I089,55I089,"OKLAHOMA CITY",11,"GEN FUND-FOR OPERAT",4462,"T5-PART B  CHARTER",369482.31
75516,2007,55,I089,55I089,"OKLAHOMA CITY",11,"GEN FUND-FOR OPERAT",4480,"Title 10-HOMELESS",126898.53
75517,2007,55,I089,55I089,"OKLAHOMA CITY",11,"GEN FUND-FOR OPERAT",4550,J-O'MALLEY,66880.15
75518,2007,55,I089,55I089,"OKLAHOMA CITY",11,"GEN FUND-FOR OPERAT",4580,"MEDICAID RESOURCES",62309.70
75519,2007,55,I089,55I089,"OKLAHOMA CITY",11,"GEN FUND-FOR OPERAT",4611,"ADULT EDUCATION",411681.51
75520,2007,55,I089,55I089,"OKLAHOMA CITY",11,"GEN FUND-FOR OPERAT",4611,"ADULT EDUCATION",41833.17
75521,2007,55,I089,55I089,"OKLAHOMA CITY",11,"GEN FUND-FOR OPERAT",4613,"TANF THRU SDE",322714.54
75522,2007,55,I089,55I089,"OKLAHOMA CITY",11,"GEN FUND-FOR OPERAT",4685,"SERVE AMERICA PROG",530.00
75523,2007,55,I089,55I089,"OKLAHOMA CITY",11,"GEN FUND-FOR OPERAT",4689,"OTH MISC FED REV",200.00
75524,2007,55,I089,55I089,"OKLAHOMA CITY",11,"GEN FUND-FOR OPERAT",4689,"OTH MISC FED REV",600028.92
75525,2007,55,I089,55I089,"OKLAHOMA CITY",11,"GEN FUND-FOR OPERAT",4750,"CHILD & ADULT FOOD",17203.53
75526,2007,55,I089,55I089,"OKLAHOMA CITY",11,"GEN FUND-FOR OPERAT",4821,"C PERKINS",1063335.92
75527,2007,55,I089,55I089,"OKLAHOMA CITY",11,"GEN FUND-FOR OPERAT",5160,"ACTIVITY FUND REIMB",840240.01
75528,2007,55,I089,55I089,"OKLAHOMA CITY",11,"GEN FUND-FOR OPERAT",5600,"CORRECTING ENTRY",3000.00
75529,2007,55,I089,55I089,"OKLAHOMA CITY",11,"GEN FUND-FOR OPERAT",6110,"CASH FORWARD",58273722.55
75530,2007,55,I089,55I089,"OKLAHOMA CITY",11,"GEN FUND-FOR OPERAT",6200,"INTER FUND TRANSFER",-2000000.00
75531,2007,55,I089,55I089,"OKLAHOMA CITY",21,"BUILDING FUND",1110,"AD VAL TX LV (CUR YR",7512063.21
75532,2007,55,I089,55I089,"OKLAHOMA CITY",21,"BUILDING FUND",1120,"AD VAL TX LV (PRIOR)",418217.30
75533,2007,55,I089,55I089,"OKLAHOMA CITY",21,"BUILDING FUND",1310,"INTEREST EARNINGS",72198.05
75534,2007,55,I089,55I089,"OKLAHOMA CITY",21,"BUILDING FUND",1510,"INS LOSS RECOVERIES",3085.00
75535,2007,55,I089,55I089,"OKLAHOMA CITY",21,"BUILDING FUND",1590,"MISC REIMBURSEMENTS",5335.00
75536,2007,55,I089,55I089,"OKLAHOMA CITY",21,"BUILDING FUND",1690,"MISC REV-DISTR SRCS",208.11
75537,2007,55,I089,55I089,"OKLAHOMA CITY",21,"BUILDING FUND",3250,"ED FLEX BEN ALLOW",58704.57
75538,2007,55,I089,55I089,"OKLAHOMA CITY",21,"BUILDING FUND",3250,"ED FLEX BEN ALLOW",335257.45
75539,2007,55,I089,55I089,"OKLAHOMA CITY",21,"BUILDING FUND",5160,"ACTIVITY FUND REIMB",15.00
75540,2007,55,I089,55I089,"OKLAHOMA CITY",21,"BUILDING FUND",5190,"MISC REVENUE TRANSF",842.81
75541,2007,55,I089,55I089,"OKLAHOMA CITY",21,"BUILDING FUND",6110,"CASH FORWARD",1346759.10
75542,2007,55,I089,55I089,"OKLAHOMA CITY",22,"CHILD NUTRITION PROG",1310,"INTEREST EARNINGS",47104.73
75543,2007,55,I089,55I089,"OKLAHOMA CITY",22,"CHILD NUTRITION PROG",1590,"MISC REIMBURSEMENTS",1706.45
75544,2007,55,I089,55I089,"OKLAHOMA CITY",22,"CHILD NUTRITION PROG",1710,"STUDENTS' MEALS",1695642.07
75545,2007,55,I089,55I089,"OKLAHOMA CITY",22,"CHILD NUTRITION PROG",1730,"ADULT LUNCHES/BRKFTS",141223.40
75546,2007,55,I089,55I089,"OKLAHOMA CITY",22,"CHILD NUTRITION PROG",1790,"OTH DISTR REV (CNP)",131809.75
75547,2007,55,I089,55I089,"OKLAHOMA CITY",22,"CHILD NUTRITION PROG",3250,"ED FLEX BEN ALLOW",574133.55
75548,2007,55,I089,55I089,"OKLAHOMA CITY",22,"CHILD NUTRITION PROG",3250,"ED FLEX BEN ALLOW",654812.85
75549,2007,55,I089,55I089,"OKLAHOMA CITY",22,"CHILD NUTRITION PROG",3720,"STATE MATCHING",277155.96
75550,2007,55,I089,55I089,"OKLAHOMA CITY",22,"CHILD NUTRITION PROG",4710,LUNCHES,10092288.80
75551,2007,55,I089,55I089,"OKLAHOMA CITY",22,"CHILD NUTRITION PROG",4720,BREAKFASTS,3618420.82
75552,2007,55,I089,55I089,"OKLAHOMA CITY",22,"CHILD NUTRITION PROG",4740,"SUMMER FOOD SER PROG",335686.37
75553,2007,55,I089,55I089,"OKLAHOMA CITY",22,"CHILD NUTRITION PROG",5190,"MISC REVENUE TRANSF",928325.15
75554,2007,55,I089,55I089,"OKLAHOMA CITY",22,"CHILD NUTRITION PROG",6110,"CASH FORWARD",2661286.16
75555,2007,55,I089,55I089,"OKLAHOMA CITY",24,"MAPS TRUST",1140,"OTHR GOVMT UNITS",14427298.03
75556,2007,55,I089,55I089,"OKLAHOMA CITY",32,"LEA ASSIGNED",1310,"INTEREST EARNINGS",229353.11
75557,2007,55,I089,55I089,"OKLAHOMA CITY",32,"LEA ASSIGNED",1590,"MISC REIMBURSEMENTS",-25.00
75558,2007,55,I089,55I089,"OKLAHOMA CITY",32,"LEA ASSIGNED",6110,"CASH FORWARD",3611248.17
75559,2007,55,I089,55I089,"OKLAHOMA CITY",33,"LEA ASSIGNED",1310,"INTEREST EARNINGS",178.81
75560,2007,55,I089,55I089,"OKLAHOMA CITY",33,"LEA ASSIGNED",6110,"CASH FORWARD",13825.37
75561,2007,55,I089,55I089,"OKLAHOMA CITY",34,"LEA ASSIGNED",1310,"INTEREST EARNINGS",300470.44
75562,2007,55,I089,55I089,"OKLAHOMA CITY",34,"LEA ASSIGNED",6110,"CASH FORWARD",8861863.15
75563,2007,55,I089,55I089,"OKLAHOMA CITY",35,"LEA ASSIGNED",1310,"INTEREST EARNINGS",936738.49
75564,2007,55,I089,55I089,"OKLAHOMA CITY",35,"LEA ASSIGNED",6110,"CASH FORWARD",20282584.81
75565,2007,55,I089,55I089,"OKLAHOMA CITY",36,"LEA ASSIGNED",1310,"INTEREST EARNINGS",1030194.12
75566,2007,55,I089,55I089,"OKLAHOMA CITY",36,"LEA ASSIGNED",1590,"MISC REIMBURSEMENTS",-20.00
75567,2007,55,I089,55I089,"OKLAHOMA CITY",36,"LEA ASSIGNED",6110,"CASH FORWARD",27934768.34
75568,2007,55,I089,55I089,"OKLAHOMA CITY",37,"LEA ASSIGNED",1310,"INTEREST EARNINGS",23087.28
75569,2007,55,I089,55I089,"OKLAHOMA CITY",37,"LEA ASSIGNED",1590,"MISC REIMBURSEMENTS",-24.00
75570,2007,55,I089,55I089,"OKLAHOMA CITY",37,"LEA ASSIGNED",5112,"PRCEDS SALE ORIG BND",17100000.00
75571,2007,55,I089,55I089,"OKLAHOMA CITY",39,"LEA ASSIGNED",1310,"INTEREST EARNINGS",1863300.92
75572,2007,55,I089,55I089,"OKLAHOMA CITY",39,"LEA ASSIGNED",1590,"MISC REIMBURSEMENTS",-99.50
75573,2007,55,I089,55I089,"OKLAHOMA CITY",39,"LEA ASSIGNED",6110,"CASH FORWARD",13140058.31
75574,2007,55,I089,55I089,"OKLAHOMA CITY",41,"SINKING FUND",1110,"AD VAL TX LV (CUR YR",23212528.18
75575,2007,55,I089,55I089,"OKLAHOMA CITY",41,"SINKING FUND",1120,"AD VAL TX LV (PRIOR)",1506048.27
75576,2007,55,I089,55I089,"OKLAHOMA CITY",41,"SINKING FUND",1310,"INTEREST EARNINGS",955952.82
75577,2007,55,I089,55I089,"OKLAHOMA CITY",41,"SINKING FUND",5111,"PREMIUM ON BNDS SOLD",253325.74
75578,2007,55,I089,55I089,"OKLAHOMA CITY",41,"SINKING FUND",6110,"CASH FORWARD",30014307.57
75579,2007,55,I089,55I089,"OKLAHOMA CITY",60,"SCHOOL ACTIVITY FNDS",1214,"GED TESTING FEES",8341.00
75580,2007,55,I089,55I089,"OKLAHOMA CITY",60,"SCHOOL ACTIVITY FNDS",1220,"CONTINUING EDUCATION",48501.00
75581,2007,55,I089,55I089,"OKLAHOMA CITY",60,"SCHOOL ACTIVITY FNDS",1230,"SUMMER SCH TUITION",4806.15
75582,2007,55,I089,55I089,"OKLAHOMA CITY",60,"SCHOOL ACTIVITY FNDS",1253,"UNDERAGE TUITION",990.00
75583,2007,55,I089,55I089,"OKLAHOMA CITY",60,"SCHOOL ACTIVITY FNDS",1260,"EXTENDED SCHOOL CARE",838055.45
75584,2007,55,I089,55I089,"OKLAHOMA CITY",60,"SCHOOL ACTIVITY FNDS",1290,"OTHER TUITION & FEES",41438.40
75585,2007,55,I089,55I089,"OKLAHOMA CITY",60,"SCHOOL ACTIVITY FNDS",1310,"INTEREST EARNINGS",12870.29
75586,2007,55,I089,55I089,"OKLAHOMA CITY",60,"SCHOOL ACTIVITY FNDS",1340,"ACCR INT ON BOND SLS",98.16
75587,2007,55,I089,55I089,"OKLAHOMA CITY",60,"SCHOOL ACTIVITY FNDS",1350,"INTEREST ON TAXES",84.43
75588,2007,55,I089,55I089,"OKLAHOMA CITY",60,"SCHOOL ACTIVITY FNDS",1450,"BOOKSTORE REVENUE",3331.16
75589,2007,55,I089,55I089,"OKLAHOMA CITY",60,"SCHOOL ACTIVITY FNDS",1460,COMMISSIONS,329977.07
75590,2007,55,I089,55I089,"OKLAHOMA CITY",60,"SCHOOL ACTIVITY FNDS",1510,"INS LOSS RECOVERIES",96.39
75591,2007,55,I089,55I089,"OKLAHOMA CITY",60,"SCHOOL ACTIVITY FNDS",1530,"DAMAGES TO SCH PROP",1399.92
75592,2007,55,I089,55I089,"OKLAHOMA CITY",60,"SCHOOL ACTIVITY FNDS",1540,"LOST TEXTBOOKS",31739.00
75593,2007,55,I089,55I089,"OKLAHOMA CITY",60,"SCHOOL ACTIVITY FNDS",1560,"MEDIA SERVICES",590.12
75594,2007,55,I089,55I089,"OKLAHOMA CITY",60,"SCHOOL ACTIVITY FNDS",1580,"SCH SPON ACT TRAN FS",23190.12
75595,2007,55,I089,55I089,"OKLAHOMA CITY",60,"SCHOOL ACTIVITY FNDS",1590,"MISC REIMBURSEMENTS",459.00
75596,2007,55,I089,55I089,"OKLAHOMA CITY",60,"SCHOOL ACTIVITY FNDS",1610,"CONTRB & DNTS-PR SCS",948455.23
75597,2007,55,I089,55I089,"OKLAHOMA CITY",60,"SCHOOL ACTIVITY FNDS",1620,"COMMUNITY SERVICES",320.18
75598,2007,55,I089,55I089,"OKLAHOMA CITY",60,"SCHOOL ACTIVITY FNDS",1640,ENDOWMENTS,6.00
75599,2007,55,I089,55I089,"OKLAHOMA CITY",60,"SCHOOL ACTIVITY FNDS",1650,"DISTRICT CONTRACTS",30.00
75600,2007,55,I089,55I089,"OKLAHOMA CITY",60,"SCHOOL ACTIVITY FNDS",1690,"MISC REV-DISTR SRCS",208.53
75601,2007,55,I089,55I089,"OKLAHOMA CITY",60,"SCHOOL ACTIVITY FNDS",1810,ADMISSIONS,102417.37
75602,2007,55,I089,55I089,"OKLAHOMA CITY",60,"SCHOOL ACTIVITY FNDS",1820,"ADVTSNG & PROG SALES",1340.00
75603,2007,55,I089,55I089,"OKLAHOMA CITY",60,"SCHOOL ACTIVITY FNDS",1830,CONCESSIONS,13787.70
75604,2007,55,I089,55I089,"OKLAHOMA CITY",60,"SCHOOL ACTIVITY FNDS",1840,"DUES & MEMBERSHIPS",2228.00
75605,2007,55,I089,55I089,"OKLAHOMA CITY",60,"SCHOOL ACTIVITY FNDS",1850,"FEES PENALTIES FINES",50170.59
75606,2007,55,I089,55I089,"OKLAHOMA CITY",60,"SCHOOL ACTIVITY FNDS",1860,"GAME CONTR & GUARAN",4043.20
75607,2007,55,I089,55I089,"OKLAHOMA CITY",60,"SCHOOL ACTIVITY FNDS",1870,"STATE PLAY-OFF REV",22.00
75608,2007,55,I089,55I089,"OKLAHOMA CITY",60,"SCHOOL ACTIVITY FNDS",1880,"SPLS & MTRLS SOLD-ST",159.80
75609,2007,55,I089,55I089,"OKLAHOMA CITY",60,"SCHOOL ACTIVITY FNDS",1890,"OTH ATHLETIC REV",2075.65
75610,2007,55,I089,55I089,"OKLAHOMA CITY",60,"SCHOOL ACTIVITY FNDS",1910,ADMISSIONS,147824.87
75611,2007,55,I089,55I089,"OKLAHOMA CITY",60,"SCHOOL ACTIVITY FNDS",1920,"CONCESSIONS SALES",4499.86
75612,2007,55,I089,55I089,"OKLAHOMA CITY",60,"SCHOOL ACTIVITY FNDS",1950,"REV FM RESALE MCHD",1554438.91
75613,2007,55,I089,55I089,"OKLAHOMA CITY",60,"SCHOOL ACTIVITY FNDS",1960,"STD ACTIVITY TKTS",51.95
75614,2007,55,I089,55I089,"OKLAHOMA CITY",60,"SCHOOL ACTIVITY FNDS",1970,"STD CLUBS & ORGS",120549.21
75615,2007,55,I089,55I089,"OKLAHOMA CITY",60,"SCHOOL ACTIVITY FNDS",1980,"STUDENT STORE SALES",19520.14
75616,2007,55,I089,55I089,"OKLAHOMA CITY",60,"SCHOOL ACTIVITY FNDS",1990,"OTH SCH ACT FND RCP",423636.06
75617,2007,55,I089,55I089,"OKLAHOMA CITY",60,"SCHOOL ACTIVITY FNDS",5120,"CASH OR CHANGE",23553.79
75618,2007,55,I089,55I089,"OKLAHOMA CITY",60,"SCHOOL ACTIVITY FNDS",5190,"MISC REVENUE TRANSF",2.74
75619,2007,55,I089,55I089,"OKLAHOMA CITY",60,"SCHOOL ACTIVITY FNDS",5600,"CORRECTING ENTRY",52677.35
75620,2007,55,I089,55I089,"OKLAHOMA CITY",60,"SCHOOL ACTIVITY FNDS",6110,"CASH FORWARD",1737581.46
75621,2007,55,I089,55I089,"OKLAHOMA CITY",81,"GIFTS FUND",1310,"INTEREST EARNINGS",743.04
75622,2007,55,I089,55I089,"OKLAHOMA CITY",81,"GIFTS FUND",1610,"CONTRB & DNTS-PR SCS",32178.25
75623,2007,55,I089,55I089,"OKLAHOMA CITY",81,"GIFTS FUND",6110,"CASH FORWARD",87416.78
75624,2007,55,I089,55I089,"OKLAHOMA CITY",86,"CAS/FLOOD INS FUND",6200,"INTER FUND TRANSFER",2000000.00
121895,2008,55,I089,55I089,"OKLAHOMA CITY",11,"GEN FUND-FOR OPERAT",1110,"AD VAL TX LV (CUR YR",57832746.90
121896,2008,55,I089,55I089,"OKLAHOMA CITY",11,"GEN FUND-FOR OPERAT",1120,"AD VAL TX LV (PRIOR)",3901670.57
121897,2008,55,I089,55I089,"OKLAHOMA CITY",11,"GEN FUND-FOR OPERAT",1130,"REV IN LIEU OF TAXES",133750.96
121898,2008,55,I089,55I089,"OKLAHOMA CITY",11,"GEN FUND-FOR OPERAT",1230,"SUMMER SCH TUITION",67639.00
121899,2008,55,I089,55I089,"OKLAHOMA CITY",11,"GEN FUND-FOR OPERAT",1260,"EXTENDED SCHOOL CARE",6036.00
121900,2008,55,I089,55I089,"OKLAHOMA CITY",11,"GEN FUND-FOR OPERAT",1290,"OTHER TUITION & FEES",874.00
121901,2008,55,I089,55I089,"OKLAHOMA CITY",11,"GEN FUND-FOR OPERAT",1310,"INTEREST EARNINGS",3405185.21
121902,2008,55,I089,55I089,"OKLAHOMA CITY",11,"GEN FUND-FOR OPERAT",1410,"RNTL OF SCH FAC",84001.74
121903,2008,55,I089,55I089,"OKLAHOMA CITY",11,"GEN FUND-FOR OPERAT",1420,"RNTL OTH SCH FAC",127221.98
121904,2008,55,I089,55I089,"OKLAHOMA CITY",11,"GEN FUND-FOR OPERAT",1440,"SLS EQUIP  SVC  MTL",137287.56
121905,2008,55,I089,55I089,"OKLAHOMA CITY",11,"GEN FUND-FOR OPERAT",1440,"SLS EQUIP  SVC  MTL",-1647.40
121906,2008,55,I089,55I089,"OKLAHOMA CITY",11,"GEN FUND-FOR OPERAT",1440,"SLS EQUIP  SVC  MTL",-4879.46
121907,2008,55,I089,55I089,"OKLAHOMA CITY",11,"GEN FUND-FOR OPERAT",1440,"SLS EQUIP  SVC  MTL",-5100.20
121908,2008,55,I089,55I089,"OKLAHOMA CITY",11,"GEN FUND-FOR OPERAT",1510,"INS LOSS RECOVERIES",77.78
121909,2008,55,I089,55I089,"OKLAHOMA CITY",11,"GEN FUND-FOR OPERAT",1540,"LOST TEXTBOOKS",21.25
121910,2008,55,I089,55I089,"OKLAHOMA CITY",11,"GEN FUND-FOR OPERAT",1580,"SCH SPON ACT TRAN FS",71047.84
121911,2008,55,I089,55I089,"OKLAHOMA CITY",11,"GEN FUND-FOR OPERAT",1590,"MISC REIMBURSEMENTS",182997.73
121912,2008,55,I089,55I089,"OKLAHOMA CITY",11,"GEN FUND-FOR OPERAT",1610,"CONTRB & DNTS-PR SCS",8633125.48
121913,2008,55,I089,55I089,"OKLAHOMA CITY",11,"GEN FUND-FOR OPERAT",1650,"DISTRICT CONTRACTS",1334345.60
121914,2008,55,I089,55I089,"OKLAHOMA CITY",11,"GEN FUND-FOR OPERAT",1660,"MIN RYLTS & LSE REV",199518.41
121915,2008,55,I089,55I089,"OKLAHOMA CITY",11,"GEN FUND-FOR OPERAT",1680,"REFUND OF EXPNDTRES",42704.01
121916,2008,55,I089,55I089,"OKLAHOMA CITY",11,"GEN FUND-FOR OPERAT",1690,"MISC REV-DISTR SRCS",117262.56
121917,2008,55,I089,55I089,"OKLAHOMA CITY",11,"GEN FUND-FOR OPERAT",2100,"COUNTY 4 MILL AD VAL",7264527.99
121918,2008,55,I089,55I089,"OKLAHOMA CITY",11,"GEN FUND-FOR OPERAT",2200,"COUNTY APPORTN (MTG)",1781938.91
121919,2008,55,I089,55I089,"OKLAHOMA CITY",11,"GEN FUND-FOR OPERAT",3110,"GROSS PRODUCTION TAX",465433.01
121920,2008,55,I089,55I089,"OKLAHOMA CITY",11,"GEN FUND-FOR OPERAT",3120,"MOTOR VEH COLLECTION",16891214.44
121921,2008,55,I089,55I089,"OKLAHOMA CITY",11,"GEN FUND-FOR OPERAT",3130,"R.E.A. TAX",924.97
121922,2008,55,I089,55I089,"OKLAHOMA CITY",11,"GEN FUND-FOR OPERAT",3140,"ST SCH LAND EARNINGS",3349993.98
121923,2008,55,I089,55I089,"OKLAHOMA CITY",11,"GEN FUND-FOR OPERAT",3150,"VEHICLE TAX STAMP",110875.69
121924,2008,55,I089,55I089,"OKLAHOMA CITY",11,"GEN FUND-FOR OPERAT",3210,"FNDTN & SAL INC AID",129497786.00
121925,2008,55,I089,55I089,"OKLAHOMA CITY",11,"GEN FUND-FOR OPERAT",3230,"TCH CONS STIPEND",53461.35
121926,2008,55,I089,55I089,"OKLAHOMA CITY",11,"GEN FUND-FOR OPERAT",3250,"ED FLEX BEN ALLOW",1573146.29
121927,2008,55,I089,55I089,"OKLAHOMA CITY",11,"GEN FUND-FOR OPERAT",3250,"ED FLEX BEN ALLOW",10650257.48
121928,2008,55,I089,55I089,"OKLAHOMA CITY",11,"GEN FUND-FOR OPERAT",3250,"ED FLEX BEN ALLOW",3113022.34
121929,2008,55,I089,55I089,"OKLAHOMA CITY",11,"GEN FUND-FOR OPERAT",3310,"ALTN/HIGH CHLG EDU",1436523.00
121930,2008,55,I089,55I089,"OKLAHOMA CITY",11,"GEN FUND-FOR OPERAT",3411,"PROF DEV.",143230.00
121931,2008,55,I089,55I089,"OKLAHOMA CITY",11,"GEN FUND-FOR OPERAT",3412,"Nat Brd Cert Bonus",570545.00
121932,2008,55,I089,55I089,"OKLAHOMA CITY",11,"GEN FUND-FOR OPERAT",3415,"READING SUFF FUNDS",61767.85
121933,2008,55,I089,55I089,"OKLAHOMA CITY",11,"GEN FUND-FOR OPERAT",3415,"READING SUFF FUNDS",544985.62
121934,2008,55,I089,55I089,"OKLAHOMA CITY",11,"GEN FUND-FOR OPERAT",3420,"STATE TEXTBOOK",2038645.00
121935,2008,55,I089,55I089,"OKLAHOMA CITY",11,"GEN FUND-FOR OPERAT",3430,"ADULT ED MATCHING",292370.69
121936,2008,55,I089,55I089,"OKLAHOMA CITY",11,"GEN FUND-FOR OPERAT",3470,"AP INCENT",35000.00
121937,2008,55,I089,55I089,"OKLAHOMA CITY",11,"GEN FUND-FOR OPERAT",3470,"AP INCENT",16600.00
121938,2008,55,I089,55I089,"OKLAHOMA CITY",11,"GEN FUND-FOR OPERAT",3570,"OK PARENTS TEACHERS",236220.23
121939,2008,55,I089,55I089,"OKLAHOMA CITY",11,"GEN FUND-FOR OPERAT",3690,"OTH MISC STATE REV",423322.00
121940,2008,55,I089,55I089,"OKLAHOMA CITY",11,"GEN FUND-FOR OPERAT",3690,"OTH MISC STATE REV",167612.00
121941,2008,55,I089,55I089,"OKLAHOMA CITY",11,"GEN FUND-FOR OPERAT",3690,"OTH MISC STATE REV",523650.00
121942,2008,55,I089,55I089,"OKLAHOMA CITY",11,"GEN FUND-FOR OPERAT",3690,"OTH MISC STATE REV",5000.00
121943,2008,55,I089,55I089,"OKLAHOMA CITY",11,"GEN FUND-FOR OPERAT",3690,"OTH MISC STATE REV",19725.00
121944,2008,55,I089,55I089,"OKLAHOMA CITY",11,"GEN FUND-FOR OPERAT",3690,"OTH MISC STATE REV",576465.75
121945,2008,55,I089,55I089,"OKLAHOMA CITY",11,"GEN FUND-FOR OPERAT",3811,"COMPR HS VO SAL REIM",151440.00
121946,2008,55,I089,55I089,"OKLAHOMA CITY",11,"GEN FUND-FOR OPERAT",3812,"VOCAT ASSIST GTS",684100.00
121947,2008,55,I089,55I089,"OKLAHOMA CITY",11,"GEN FUND-FOR OPERAT",3869,REHABILITATION,16594.56
121948,2008,55,I089,55I089,"OKLAHOMA CITY",11,"GEN FUND-FOR OPERAT",3879,"HIGH SCHLS THAT WORK",73.36
121949,2008,55,I089,55I089,"OKLAHOMA CITY",11,"GEN FUND-FOR OPERAT",4120,"FED EMER MGMT (FEMA)",168189.55
121950,2008,55,I089,55I089,"OKLAHOMA CITY",11,"GEN FUND-FOR OPERAT",4140,"T7-PART A  IND. ED.",418028.44
121951,2008,55,I089,55I089,"OKLAHOMA CITY",11,"GEN FUND-FOR OPERAT",4150,ROTC,407980.95
121952,2008,55,I089,55I089,"OKLAHOMA CITY",11,"GEN FUND-FOR OPERAT",4210,"TITLE I-PART A",17820571.58
121953,2008,55,I089,55I089,"OKLAHOMA CITY",11,"GEN FUND-FOR OPERAT",4210,"TITLE I-PART A",2357.57
121954,2008,55,I089,55I089,"OKLAHOMA CITY",11,"GEN FUND-FOR OPERAT",4210,"TITLE I-PART A",852266.08
121955,2008,55,I089,55I089,"OKLAHOMA CITY",11,"GEN FUND-FOR OPERAT",4210,"TITLE I-PART A",24561.93
121956,2008,55,I089,55I089,"OKLAHOMA CITY",11,"GEN FUND-FOR OPERAT",4210,"TITLE I-PART A",288554.70
121957,2008,55,I089,55I089,"OKLAHOMA CITY",11,"GEN FUND-FOR OPERAT",4210,"TITLE I-PART A",807184.06
121958,2008,55,I089,55I089,"OKLAHOMA CITY",11,"GEN FUND-FOR OPERAT",4221,"T1-SUB. 1  READING",2039543.51
121959,2008,55,I089,55I089,"OKLAHOMA CITY",11,"GEN FUND-FOR OPERAT",4222,"T1-SUB. 3  EVEN ST.",140080.75
121960,2008,55,I089,55I089,"OKLAHOMA CITY",11,"GEN FUND-FOR OPERAT",4240,"T1-PART D  NEG./COR.",131160.41
121961,2008,55,I089,55I089,"OKLAHOMA CITY",11,"GEN FUND-FOR OPERAT",4260,"T1-PART F  CSR",6734.49
121962,2008,55,I089,55I089,"OKLAHOMA CITY",11,"GEN FUND-FOR OPERAT",4271,"T2-PART A  RECRUIT",3144783.22
121963,2008,55,I089,55I089,"OKLAHOMA CITY",11,"GEN FUND-FOR OPERAT",4271,"T2-PART A  RECRUIT",64373.72
121964,2008,55,I089,55I089,"OKLAHOMA CITY",11,"GEN FUND-FOR OPERAT",4272,"T2-PART D  TECH",105246.00
121965,2008,55,I089,55I089,"OKLAHOMA CITY",11,"GEN FUND-FOR OPERAT",4272,"T2-PART D  TECH",81699.44
121966,2008,55,I089,55I089,"OKLAHOMA CITY",11,"GEN FUND-FOR OPERAT",4273,"T2-PT B  MATH/SCI",51855.31
121967,2008,55,I089,55I089,"OKLAHOMA CITY",11,"GEN FUND-FOR OPERAT",4281,"T3-PART A  LANGUAGE",17935.97
121968,2008,55,I089,55I089,"OKLAHOMA CITY",11,"GEN FUND-FOR OPERAT",4281,"T3-PART A  LANGUAGE",1113428.32
121969,2008,55,I089,55I089,"OKLAHOMA CITY",11,"GEN FUND-FOR OPERAT",4310,"IDEA PL 105-17",5623.21
121970,2008,55,I089,55I089,"OKLAHOMA CITY",11,"GEN FUND-FOR OPERAT",4310,"IDEA PL 105-17",7559361.51
121971,2008,55,I089,55I089,"OKLAHOMA CITY",11,"GEN FUND-FOR OPERAT",4310,"IDEA PL 105-17",1640004.60
121972,2008,55,I089,55I089,"OKLAHOMA CITY",11,"GEN FUND-FOR OPERAT",4310,"IDEA PL 105-17",13626.34
121973,2008,55,I089,55I089,"OKLAHOMA CITY",11,"GEN FUND-FOR OPERAT",4340,"AGES 3-5  IDEA",170221.17
121974,2008,55,I089,55I089,"OKLAHOMA CITY",11,"GEN FUND-FOR OPERAT",4340,"AGES 3-5  IDEA",1600.80
121975,2008,55,I089,55I089,"OKLAHOMA CITY",11,"GEN FUND-FOR OPERAT",4441,"T4-PART A  SAFE SCH",342988.69
121976,2008,55,I089,55I089,"OKLAHOMA CITY",11,"GEN FUND-FOR OPERAT",4441,"T4-PART A  SAFE SCH",6426.00
121977,2008,55,I089,55I089,"OKLAHOMA CITY",11,"GEN FUND-FOR OPERAT",4461,"T5-PT A St Gr Innov",69180.24
121978,2008,55,I089,55I089,"OKLAHOMA CITY",11,"GEN FUND-FOR OPERAT",4480,"Title 10-HOMELESS",210503.55
121979,2008,55,I089,55I089,"OKLAHOMA CITY",11,"GEN FUND-FOR OPERAT",4550,J-O'MALLEY,57735.43
121980,2008,55,I089,55I089,"OKLAHOMA CITY",11,"GEN FUND-FOR OPERAT",4580,"MEDICAID RESOURCES",25255.22
121981,2008,55,I089,55I089,"OKLAHOMA CITY",11,"GEN FUND-FOR OPERAT",4611,"ADULT EDUCATION",388737.69
121982,2008,55,I089,55I089,"OKLAHOMA CITY",11,"GEN FUND-FOR OPERAT",4611,"ADULT EDUCATION",43867.71
121983,2008,55,I089,55I089,"OKLAHOMA CITY",11,"GEN FUND-FOR OPERAT",4613,"TANF THRU SDE",242613.17
121984,2008,55,I089,55I089,"OKLAHOMA CITY",11,"GEN FUND-FOR OPERAT",4685,"SERVE AMERICA PROG",5515.64
121985,2008,55,I089,55I089,"OKLAHOMA CITY",11,"GEN FUND-FOR OPERAT",4689,"OTH MISC FED REV",146893.94
121986,2008,55,I089,55I089,"OKLAHOMA CITY",11,"GEN FUND-FOR OPERAT",4689,"OTH MISC FED REV",458626.18
121987,2008,55,I089,55I089,"OKLAHOMA CITY",11,"GEN FUND-FOR OPERAT",4689,"OTH MISC FED REV",83114.47
121988,2008,55,I089,55I089,"OKLAHOMA CITY",11,"GEN FUND-FOR OPERAT",4750,"CHILD & ADULT FOOD",25533.46
121989,2008,55,I089,55I089,"OKLAHOMA CITY",11,"GEN FUND-FOR OPERAT",4821,"C PERKINS",922431.51
121990,2008,55,I089,55I089,"OKLAHOMA CITY",11,"GEN FUND-FOR OPERAT",5160,"ACTIVITY FUND REIMB",1148216.76
121991,2008,55,I089,55I089,"OKLAHOMA CITY",11,"GEN FUND-FOR OPERAT",5190,"MISC REVENUE TRANSF",53005.99
121992,2008,55,I089,55I089,"OKLAHOMA CITY",11,"GEN FUND-FOR OPERAT",6110,"CASH FORWARD",80965428.20
121993,2008,55,I089,55I089,"OKLAHOMA CITY",11,"GEN FUND-FOR OPERAT",6200,"INTER FUND TRANSFER",-3000000.00
121994,2008,55,I089,55I089,"OKLAHOMA CITY",21,"BUILDING FUND",1110,"AD VAL TX LV (CUR YR",8316919.93
121995,2008,55,I089,55I089,"OKLAHOMA CITY",21,"BUILDING FUND",1120,"AD VAL TX LV (PRIOR)",570678.87
121996,2008,55,I089,55I089,"OKLAHOMA CITY",21,"BUILDING FUND",1310,"INTEREST EARNINGS",49166.33
121997,2008,55,I089,55I089,"OKLAHOMA CITY",21,"BUILDING FUND",1590,"MISC REIMBURSEMENTS",1560.00
121998,2008,55,I089,55I089,"OKLAHOMA CITY",21,"BUILDING FUND",3250,"ED FLEX BEN ALLOW",58332.75
121999,2008,55,I089,55I089,"OKLAHOMA CITY",21,"BUILDING FUND",3250,"ED FLEX BEN ALLOW",374620.84
122000,2008,55,I089,55I089,"OKLAHOMA CITY",21,"BUILDING FUND",5160,"ACTIVITY FUND REIMB",260.00
122001,2008,55,I089,55I089,"OKLAHOMA CITY",21,"BUILDING FUND",6110,"CASH FORWARD",2002085.18
122002,2008,55,I089,55I089,"OKLAHOMA CITY",22,"CHILD NUTRITION PROG",1310,"INTEREST EARNINGS",41922.58
122003,2008,55,I089,55I089,"OKLAHOMA CITY",22,"CHILD NUTRITION PROG",1590,"MISC REIMBURSEMENTS",1820.00
122004,2008,55,I089,55I089,"OKLAHOMA CITY",22,"CHILD NUTRITION PROG",1710,"STUDENTS' MEALS",1583507.21
122005,2008,55,I089,55I089,"OKLAHOMA CITY",22,"CHILD NUTRITION PROG",1730,"ADULT LUNCHES/BRKFTS",199543.30
122006,2008,55,I089,55I089,"OKLAHOMA CITY",22,"CHILD NUTRITION PROG",1790,"OTH DISTR REV (CNP)",116196.43
122007,2008,55,I089,55I089,"OKLAHOMA CITY",22,"CHILD NUTRITION PROG",3250,"ED FLEX BEN ALLOW",600884.57
122008,2008,55,I089,55I089,"OKLAHOMA CITY",22,"CHILD NUTRITION PROG",3250,"ED FLEX BEN ALLOW",729804.37
122009,2008,55,I089,55I089,"OKLAHOMA CITY",22,"CHILD NUTRITION PROG",3720,"STATE MATCHING",284393.38
122010,2008,55,I089,55I089,"OKLAHOMA CITY",22,"CHILD NUTRITION PROG",4710,LUNCHES,9786407.67
122011,2008,55,I089,55I089,"OKLAHOMA CITY",22,"CHILD NUTRITION PROG",4720,BREAKFASTS,3554216.77
122012,2008,55,I089,55I089,"OKLAHOMA CITY",22,"CHILD NUTRITION PROG",4740,"SUMMER FOOD SER PROG",382345.01
122013,2008,55,I089,55I089,"OKLAHOMA CITY",22,"CHILD NUTRITION PROG",5190,"MISC REVENUE TRANSF",726203.04
122014,2008,55,I089,55I089,"OKLAHOMA CITY",22,"CHILD NUTRITION PROG",6110,"CASH FORWARD",1983104.36
122015,2008,55,I089,55I089,"OKLAHOMA CITY",24,"MAPS TRUST",1140,"OTHR GOVMT UNITS",21060.00
122016,2008,55,I089,55I089,"OKLAHOMA CITY",32,"LEA ASSIGNED",1310,"INTEREST EARNINGS",138997.82
122017,2008,55,I089,55I089,"OKLAHOMA CITY",32,"LEA ASSIGNED",1590,"MISC REIMBURSEMENTS",7.50
122018,2008,55,I089,55I089,"OKLAHOMA CITY",32,"LEA ASSIGNED",6110,"CASH FORWARD",3610871.89
122019,2008,55,I089,55I089,"OKLAHOMA CITY",33,"LEA ASSIGNED",1310,"INTEREST EARNINGS",23.62
122020,2008,55,I089,55I089,"OKLAHOMA CITY",33,"LEA ASSIGNED",6110,"CASH FORWARD",654.18
122021,2008,55,I089,55I089,"OKLAHOMA CITY",34,"LEA ASSIGNED",1310,"INTEREST EARNINGS",109265.96
122022,2008,55,I089,55I089,"OKLAHOMA CITY",34,"LEA ASSIGNED",6110,"CASH FORWARD",3473933.15
122023,2008,55,I089,55I089,"OKLAHOMA CITY",35,"LEA ASSIGNED",1310,"INTEREST EARNINGS",276549.17
122024,2008,55,I089,55I089,"OKLAHOMA CITY",35,"LEA ASSIGNED",6110,"CASH FORWARD",11122448.80
122025,2008,55,I089,55I089,"OKLAHOMA CITY",36,"LEA ASSIGNED",1310,"INTEREST EARNINGS",1217042.17
122026,2008,55,I089,55I089,"OKLAHOMA CITY",36,"LEA ASSIGNED",1590,"MISC REIMBURSEMENTS",-12.00
122027,2008,55,I089,55I089,"OKLAHOMA CITY",36,"LEA ASSIGNED",6110,"CASH FORWARD",28389943.34
122028,2008,55,I089,55I089,"OKLAHOMA CITY",37,"LEA ASSIGNED",1310,"INTEREST EARNINGS",757050.67
122029,2008,55,I089,55I089,"OKLAHOMA CITY",37,"LEA ASSIGNED",1590,"MISC REIMBURSEMENTS",10.00
122030,2008,55,I089,55I089,"OKLAHOMA CITY",37,"LEA ASSIGNED",6110,"CASH FORWARD",17061453.75
122031,2008,55,I089,55I089,"OKLAHOMA CITY",38,"LEA ASSIGNED",1310,"INTEREST EARNINGS",16370.17
122032,2008,55,I089,55I089,"OKLAHOMA CITY",38,"LEA ASSIGNED",1590,"MISC REIMBURSEMENTS",-255.55
122033,2008,55,I089,55I089,"OKLAHOMA CITY",38,"LEA ASSIGNED",5112,"PRCEDS SALE ORIG BND",24128313.00
122034,2008,55,I089,55I089,"OKLAHOMA CITY",39,"LEA ASSIGNED",1310,"INTEREST EARNINGS",201723.30
122035,2008,55,I089,55I089,"OKLAHOMA CITY",39,"LEA ASSIGNED",6110,"CASH FORWARD",5651597.64
122036,2008,55,I089,55I089,"OKLAHOMA CITY",41,"SINKING FUND",1110,"AD VAL TX LV (CUR YR",24996925.86
122037,2008,55,I089,55I089,"OKLAHOMA CITY",41,"SINKING FUND",1120,"AD VAL TX LV (PRIOR)",1682986.27
122038,2008,55,I089,55I089,"OKLAHOMA CITY",41,"SINKING FUND",1310,"INTEREST EARNINGS",1334544.28
122039,2008,55,I089,55I089,"OKLAHOMA CITY",41,"SINKING FUND",1340,"ACCR INT ON BOND SLS",40333.13
122040,2008,55,I089,55I089,"OKLAHOMA CITY",41,"SINKING FUND",5111,"PREMIUM ON BNDS SOLD",223427.31
122041,2008,55,I089,55I089,"OKLAHOMA CITY",41,"SINKING FUND",6110,"CASH FORWARD",25482166.79
122042,2008,55,I089,55I089,"OKLAHOMA CITY",60,"SCHOOL ACTIVITY FNDS",1214,"GED TESTING FEES",13079.00
122043,2008,55,I089,55I089,"OKLAHOMA CITY",60,"SCHOOL ACTIVITY FNDS",1220,"CONTINUING EDUCATION",25372.00
122044,2008,55,I089,55I089,"OKLAHOMA CITY",60,"SCHOOL ACTIVITY FNDS",1230,"SUMMER SCH TUITION",1995.00
122045,2008,55,I089,55I089,"OKLAHOMA CITY",60,"SCHOOL ACTIVITY FNDS",1253,"UNDERAGE TUITION",405.00
122046,2008,55,I089,55I089,"OKLAHOMA CITY",60,"SCHOOL ACTIVITY FNDS",1260,"EXTENDED SCHOOL CARE",870603.73
122047,2008,55,I089,55I089,"OKLAHOMA CITY",60,"SCHOOL ACTIVITY FNDS",1290,"OTHER TUITION & FEES",45930.41
122048,2008,55,I089,55I089,"OKLAHOMA CITY",60,"SCHOOL ACTIVITY FNDS",1310,"INTEREST EARNINGS",10639.46
122049,2008,55,I089,55I089,"OKLAHOMA CITY",60,"SCHOOL ACTIVITY FNDS",1340,"ACCR INT ON BOND SLS",64.94
122050,2008,55,I089,55I089,"OKLAHOMA CITY",60,"SCHOOL ACTIVITY FNDS",1350,"INTEREST ON TAXES",60.57
122051,2008,55,I089,55I089,"OKLAHOMA CITY",60,"SCHOOL ACTIVITY FNDS",1450,"BOOKSTORE REVENUE",146.01
122052,2008,55,I089,55I089,"OKLAHOMA CITY",60,"SCHOOL ACTIVITY FNDS",1460,COMMISSIONS,381956.72
122053,2008,55,I089,55I089,"OKLAHOMA CITY",60,"SCHOOL ACTIVITY FNDS",1510,"INS LOSS RECOVERIES",227.24
122054,2008,55,I089,55I089,"OKLAHOMA CITY",60,"SCHOOL ACTIVITY FNDS",1530,"DAMAGES TO SCH PROP",818.32
122055,2008,55,I089,55I089,"OKLAHOMA CITY",60,"SCHOOL ACTIVITY FNDS",1540,"LOST TEXTBOOKS",33246.72
122056,2008,55,I089,55I089,"OKLAHOMA CITY",60,"SCHOOL ACTIVITY FNDS",1560,"MEDIA SERVICES",537.50
122057,2008,55,I089,55I089,"OKLAHOMA CITY",60,"SCHOOL ACTIVITY FNDS",1580,"SCH SPON ACT TRAN FS",18279.50
122058,2008,55,I089,55I089,"OKLAHOMA CITY",60,"SCHOOL ACTIVITY FNDS",1590,"MISC REIMBURSEMENTS",1099.29
122059,2008,55,I089,55I089,"OKLAHOMA CITY",60,"SCHOOL ACTIVITY FNDS",1610,"CONTRB & DNTS-PR SCS",848972.65
122060,2008,55,I089,55I089,"OKLAHOMA CITY",60,"SCHOOL ACTIVITY FNDS",1620,"COMMUNITY SERVICES",3298.75
122061,2008,55,I089,55I089,"OKLAHOMA CITY",60,"SCHOOL ACTIVITY FNDS",1640,ENDOWMENTS,2.50
122062,2008,55,I089,55I089,"OKLAHOMA CITY",60,"SCHOOL ACTIVITY FNDS",1650,"DISTRICT CONTRACTS",4553.30
122063,2008,55,I089,55I089,"OKLAHOMA CITY",60,"SCHOOL ACTIVITY FNDS",1790,"OTH DISTR REV (CNP)",200.00
122064,2008,55,I089,55I089,"OKLAHOMA CITY",60,"SCHOOL ACTIVITY FNDS",1810,ADMISSIONS,154605.23
122065,2008,55,I089,55I089,"OKLAHOMA CITY",60,"SCHOOL ACTIVITY FNDS",1820,"ADVTSNG & PROG SALES",3838.00
122066,2008,55,I089,55I089,"OKLAHOMA CITY",60,"SCHOOL ACTIVITY FNDS",1830,CONCESSIONS,32196.87
122067,2008,55,I089,55I089,"OKLAHOMA CITY",60,"SCHOOL ACTIVITY FNDS",1840,"DUES & MEMBERSHIPS",1441.00
122068,2008,55,I089,55I089,"OKLAHOMA CITY",60,"SCHOOL ACTIVITY FNDS",1850,"FEES PENALTIES FINES",49908.26
122069,2008,55,I089,55I089,"OKLAHOMA CITY",60,"SCHOOL ACTIVITY FNDS",1860,"GAME CONTR & GUARAN",4881.27
122070,2008,55,I089,55I089,"OKLAHOMA CITY",60,"SCHOOL ACTIVITY FNDS",1870,"STATE PLAY-OFF REV",6544.75
122071,2008,55,I089,55I089,"OKLAHOMA CITY",60,"SCHOOL ACTIVITY FNDS",1880,"SPLS & MTRLS SOLD-ST",568.62
122072,2008,55,I089,55I089,"OKLAHOMA CITY",60,"SCHOOL ACTIVITY FNDS",1890,"OTH ATHLETIC REV",2817.72
122073,2008,55,I089,55I089,"OKLAHOMA CITY",60,"SCHOOL ACTIVITY FNDS",1910,ADMISSIONS,139506.20
122074,2008,55,I089,55I089,"OKLAHOMA CITY",60,"SCHOOL ACTIVITY FNDS",1920,"CONCESSIONS SALES",18087.31
122075,2008,55,I089,55I089,"OKLAHOMA CITY",60,"SCHOOL ACTIVITY FNDS",1950,"REV FM RESALE MCHD",1397337.88
122076,2008,55,I089,55I089,"OKLAHOMA CITY",60,"SCHOOL ACTIVITY FNDS",1960,"STD ACTIVITY TKTS",157.26
122077,2008,55,I089,55I089,"OKLAHOMA CITY",60,"SCHOOL ACTIVITY FNDS",1970,"STD CLUBS & ORGS",105239.23
122078,2008,55,I089,55I089,"OKLAHOMA CITY",60,"SCHOOL ACTIVITY FNDS",1980,"STUDENT STORE SALES",23323.60
122079,2008,55,I089,55I089,"OKLAHOMA CITY",60,"SCHOOL ACTIVITY FNDS",1990,"OTH SCH ACT FND RCP",414857.72
122080,2008,55,I089,55I089,"OKLAHOMA CITY",60,"SCHOOL ACTIVITY FNDS",5120,"CASH OR CHANGE",27290.09
122081,2008,55,I089,55I089,"OKLAHOMA CITY",60,"SCHOOL ACTIVITY FNDS",5600,"CORRECTING ENTRY",152231.54
122082,2008,55,I089,55I089,"OKLAHOMA CITY",60,"SCHOOL ACTIVITY FNDS",6110,"CASH FORWARD",1681168.76
122083,2008,55,I089,55I089,"OKLAHOMA CITY",81,"GIFTS FUND",1310,"INTEREST EARNINGS",1122.70
122084,2008,55,I089,55I089,"OKLAHOMA CITY",81,"GIFTS FUND",1590,"MISC REIMBURSEMENTS",-90.17
122085,2008,55,I089,55I089,"OKLAHOMA CITY",81,"GIFTS FUND",1610,"CONTRB & DNTS-PR SCS",21334.42
122086,2008,55,I089,55I089,"OKLAHOMA CITY",81,"GIFTS FUND",6110,"CASH FORWARD",103519.53
122087,2008,55,I089,55I089,"OKLAHOMA CITY",86,"CAS/FLOOD INS FUND",1310,"INTEREST EARNINGS",76583.97
122088,2008,55,I089,55I089,"OKLAHOMA CITY",86,"CAS/FLOOD INS FUND",6110,"CASH FORWARD",2000000.00
122089,2008,55,I089,55I089,"OKLAHOMA CITY",86,"CAS/FLOOD INS FUND",6200,"INTER FUND TRANSFER",3000000.00
170470,2009,55,I089,55I089,"OKLAHOMA CITY",11,"GEN FUND-FOR OPERAT",1110,"AD VAL TX LV (CUR YR",60300790.74
170471,2009,55,I089,55I089,"OKLAHOMA CITY",11,"GEN FUND-FOR OPERAT",1120,"AD VAL TX LV (PRIOR)",1781868.80
170472,2009,55,I089,55I089,"OKLAHOMA CITY",11,"GEN FUND-FOR OPERAT",1120,"AD VAL TX LV (PRIOR)",550115.35
170473,2009,55,I089,55I089,"OKLAHOMA CITY",11,"GEN FUND-FOR OPERAT",1130,"REV IN LIEU OF TAXES",129415.94
170474,2009,55,I089,55I089,"OKLAHOMA CITY",11,"GEN FUND-FOR OPERAT",1230,"SUMMER SCH TUITION",24378.00
170475,2009,55,I089,55I089,"OKLAHOMA CITY",11,"GEN FUND-FOR OPERAT",1242,"TF-SPECIAL ED",55640.86
170476,2009,55,I089,55I089,"OKLAHOMA CITY",11,"GEN FUND-FOR OPERAT",1260,"EXTENDED SCHOOL CARE",3523.50
170477,2009,55,I089,55I089,"OKLAHOMA CITY",11,"GEN FUND-FOR OPERAT",1290,"OTHER TUITION & FEES",906.00
170478,2009,55,I089,55I089,"OKLAHOMA CITY",11,"GEN FUND-FOR OPERAT",1310,"INTEREST EARNINGS",888490.34
170479,2009,55,I089,55I089,"OKLAHOMA CITY",11,"GEN FUND-FOR OPERAT",1310,"INTEREST EARNINGS",239673.92
170480,2009,55,I089,55I089,"OKLAHOMA CITY",11,"GEN FUND-FOR OPERAT",1320,"DIV ON INS POLICIES",140803.89
170481,2009,55,I089,55I089,"OKLAHOMA CITY",11,"GEN FUND-FOR OPERAT",1410,"RNTL OF SCH FAC",82261.34
170482,2009,55,I089,55I089,"OKLAHOMA CITY",11,"GEN FUND-FOR OPERAT",1420,"RNTL OTH SCH FAC",83528.41
170483,2009,55,I089,55I089,"OKLAHOMA CITY",11,"GEN FUND-FOR OPERAT",1440,"SLS EQUIP SVC",48306.66
170484,2009,55,I089,55I089,"OKLAHOMA CITY",11,"GEN FUND-FOR OPERAT",1510,"INS LOSS RECOVERIES",252.42
170485,2009,55,I089,55I089,"OKLAHOMA CITY",11,"GEN FUND-FOR OPERAT",1540,"LOST TEXTBOOKS",60.00
170486,2009,55,I089,55I089,"OKLAHOMA CITY",11,"GEN FUND-FOR OPERAT",1580,"SCH SPON ACT TRAN FS",30515.90
170487,2009,55,I089,55I089,"OKLAHOMA CITY",11,"GEN FUND-FOR OPERAT",1590,"MISC REIMBURSEMENTS",201902.39
170488,2009,55,I089,55I089,"OKLAHOMA CITY",11,"GEN FUND-FOR OPERAT",1610,"CONTRB & DNTS-PR SCS",2239341.39
170489,2009,55,I089,55I089,"OKLAHOMA CITY",11,"GEN FUND-FOR OPERAT",1610,"CONTRB & DNTS-PR SCS",320777.00
170490,2009,55,I089,55I089,"OKLAHOMA CITY",11,"GEN FUND-FOR OPERAT",1650,"DISTRICT CONTRACTS",848856.79
170491,2009,55,I089,55I089,"OKLAHOMA CITY",11,"GEN FUND-FOR OPERAT",1660,"MIN RYLTS & LSE REV",205784.73
170492,2009,55,I089,55I089,"OKLAHOMA CITY",11,"GEN FUND-FOR OPERAT",1680,"REFUND OF EXPNDTRES",28514.32
170493,2009,55,I089,55I089,"OKLAHOMA CITY",11,"GEN FUND-FOR OPERAT",1680,"REFUND OF EXPNDTRES",4051.50
170494,2009,55,I089,55I089,"OKLAHOMA CITY",11,"GEN FUND-FOR OPERAT",1690,"MISC REV-DISTR SRCS",77094.10
170495,2009,55,I089,55I089,"OKLAHOMA CITY",11,"GEN FUND-FOR OPERAT",2100,"COUNTY 4 MILL AD VAL",7389517.92
170496,2009,55,I089,55I089,"OKLAHOMA CITY",11,"GEN FUND-FOR OPERAT",2200,"COUNTY APPORTN (MTG)",1555326.12
170497,2009,55,I089,55I089,"OKLAHOMA CITY",11,"GEN FUND-FOR OPERAT",2300,"RESALE-PROP FND DSTR",175974.68
170498,2009,55,I089,55I089,"OKLAHOMA CITY",11,"GEN FUND-FOR OPERAT",3110,"GROSS PRODUCTION TAX",488737.28
170499,2009,55,I089,55I089,"OKLAHOMA CITY",11,"GEN FUND-FOR OPERAT",3120,"MOTOR VEH COLLECTION",16970605.59
170500,2009,55,I089,55I089,"OKLAHOMA CITY",11,"GEN FUND-FOR OPERAT",3130,"R.E.A. TAX",939.51
170501,2009,55,I089,55I089,"OKLAHOMA CITY",11,"GEN FUND-FOR OPERAT",3140,"ST SCH LAND EARNINGS",3808992.35
170502,2009,55,I089,55I089,"OKLAHOMA CITY",11,"GEN FUND-FOR OPERAT",3150,"VEHICLE TAX STAMP",98988.97
170503,2009,55,I089,55I089,"OKLAHOMA CITY",11,"GEN FUND-FOR OPERAT",3210,"FNDTN & SAL INC AID",130386663.00
170504,2009,55,I089,55I089,"OKLAHOMA CITY",11,"GEN FUND-FOR OPERAT",3230,"TCH CONS STIPEND",48703.58
170505,2009,55,I089,55I089,"OKLAHOMA CITY",11,"GEN FUND-FOR OPERAT",3250,"ED FLEX BEN ALLOW",276889.91
170506,2009,55,I089,55I089,"OKLAHOMA CITY",11,"GEN FUND-FOR OPERAT",3250,"ED FLEX BEN ALLOW",1259213.51
170507,2009,55,I089,55I089,"OKLAHOMA CITY",11,"GEN FUND-FOR OPERAT",3250,"ED FLEX BEN ALLOW",12061069.86
170508,2009,55,I089,55I089,"OKLAHOMA CITY",11,"GEN FUND-FOR OPERAT",3250,"ED FLEX BEN ALLOW",3246240.82
170509,2009,55,I089,55I089,"OKLAHOMA CITY",11,"GEN FUND-FOR OPERAT",3310,"ALTN/HIGH CHLG EDU",60000.00
170510,2009,55,I089,55I089,"OKLAHOMA CITY",11,"GEN FUND-FOR OPERAT",3310,"ALTN/HIGH CHLG EDU",1436523.00
170511,2009,55,I089,55I089,"OKLAHOMA CITY",11,"GEN FUND-FOR OPERAT",3411,"PROF DEV.",143519.00
170512,2009,55,I089,55I089,"OKLAHOMA CITY",11,"GEN FUND-FOR OPERAT",3412,"Nat Brd Cert Bonus",718832.88
170513,2009,55,I089,55I089,"OKLAHOMA CITY",11,"GEN FUND-FOR OPERAT",3415,"READING SUFF FUNDS",45103.39
170514,2009,55,I089,55I089,"OKLAHOMA CITY",11,"GEN FUND-FOR OPERAT",3415,"READING SUFF FUNDS",892204.72
170515,2009,55,I089,55I089,"OKLAHOMA CITY",11,"GEN FUND-FOR OPERAT",3420,"STATE TEXTBOOK",2048372.00
170516,2009,55,I089,55I089,"OKLAHOMA CITY",11,"GEN FUND-FOR OPERAT",3430,"ADULT ED MATCHING",176683.00
170517,2009,55,I089,55I089,"OKLAHOMA CITY",11,"GEN FUND-FOR OPERAT",3440,"DRIVER EDUCATION",1675.23
170518,2009,55,I089,55I089,"OKLAHOMA CITY",11,"GEN FUND-FOR OPERAT",3470,"AP INCENT",5000.00
170519,2009,55,I089,55I089,"OKLAHOMA CITY",11,"GEN FUND-FOR OPERAT",3470,"AP INCENT",26100.00
170520,2009,55,I089,55I089,"OKLAHOMA CITY",11,"GEN FUND-FOR OPERAT",3470,"AP INCENT",17300.00
170521,2009,55,I089,55I089,"OKLAHOMA CITY",11,"GEN FUND-FOR OPERAT",3570,"OK PARENTS TEACHERS",91113.54
170522,2009,55,I089,55I089,"OKLAHOMA CITY",11,"GEN FUND-FOR OPERAT",3690,"OTH MISC STATE REV",11425.00
170523,2009,55,I089,55I089,"OKLAHOMA CITY",11,"GEN FUND-FOR OPERAT",3690,"OTH MISC STATE REV",781020.00
170524,2009,55,I089,55I089,"OKLAHOMA CITY",11,"GEN FUND-FOR OPERAT",3690,"OTH MISC STATE REV",3666.67
170525,2009,55,I089,55I089,"OKLAHOMA CITY",11,"GEN FUND-FOR OPERAT",3690,"OTH MISC STATE REV",14700.00
170526,2009,55,I089,55I089,"OKLAHOMA CITY",11,"GEN FUND-FOR OPERAT",3690,"OTH MISC STATE REV",363857.00
170527,2009,55,I089,55I089,"OKLAHOMA CITY",11,"GEN FUND-FOR OPERAT",3811,"COMPR HS VO SAL REIM",151440.00
170528,2009,55,I089,55I089,"OKLAHOMA CITY",11,"GEN FUND-FOR OPERAT",3812,"VOCAT ASSIST GTS",692900.00
170529,2009,55,I089,55I089,"OKLAHOMA CITY",11,"GEN FUND-FOR OPERAT",4140,"T7-PART A IND. ED. B",413967.58
170530,2009,55,I089,55I089,"OKLAHOMA CITY",11,"GEN FUND-FOR OPERAT",4140,"T7-PART A IND. ED. B",-31958.11
170531,2009,55,I089,55I089,"OKLAHOMA CITY",11,"GEN FUND-FOR OPERAT",4150,ROTC,417942.34
170532,2009,55,I089,55I089,"OKLAHOMA CITY",11,"GEN FUND-FOR OPERAT",4210,"TITLE I-PART A",15754591.55
170533,2009,55,I089,55I089,"OKLAHOMA CITY",11,"GEN FUND-FOR OPERAT",4210,"TITLE I-PART A",895659.13
170534,2009,55,I089,55I089,"OKLAHOMA CITY",11,"GEN FUND-FOR OPERAT",4210,"TITLE I-PART A",198781.05
170535,2009,55,I089,55I089,"OKLAHOMA CITY",11,"GEN FUND-FOR OPERAT",4210,"TITLE I-PART A",306055.10
170536,2009,55,I089,55I089,"OKLAHOMA CITY",11,"GEN FUND-FOR OPERAT",4210,"TITLE I-PART A",93172.59
170537,2009,55,I089,55I089,"OKLAHOMA CITY",11,"GEN FUND-FOR OPERAT",4210,"TITLE I-PART A",889042.75
170538,2009,55,I089,55I089,"OKLAHOMA CITY",11,"GEN FUND-FOR OPERAT",4210,"TITLE I-PART A",1811064.18
170539,2009,55,I089,55I089,"OKLAHOMA CITY",11,"GEN FUND-FOR OPERAT",4210,"TITLE I-PART A",404333.28
170540,2009,55,I089,55I089,"OKLAHOMA CITY",11,"GEN FUND-FOR OPERAT",4210,"TITLE I-PART A",-192110.32
170541,2009,55,I089,55I089,"OKLAHOMA CITY",11,"GEN FUND-FOR OPERAT",4210,"TITLE I-PART A",213969.57
170542,2009,55,I089,55I089,"OKLAHOMA CITY",11,"GEN FUND-FOR OPERAT",4210,"TITLE I-PART A",91752.32
170543,2009,55,I089,55I089,"OKLAHOMA CITY",11,"GEN FUND-FOR OPERAT",4211,"ARRA TI PT A",10056679.62
170544,2009,55,I089,55I089,"OKLAHOMA CITY",11,"GEN FUND-FOR OPERAT",4211,"ARRA TI PT A",55692.00
170545,2009,55,I089,55I089,"OKLAHOMA CITY",11,"GEN FUND-FOR OPERAT",4211,"ARRA TI PT A",111540.74
170546,2009,55,I089,55I089,"OKLAHOMA CITY",11,"GEN FUND-FOR OPERAT",4221,"T1-SUB. 1 READING  B",1812559.07
170547,2009,55,I089,55I089,"OKLAHOMA CITY",11,"GEN FUND-FOR OPERAT",4221,"T1-SUB. 1 READING  B",-251979.44
170548,2009,55,I089,55I089,"OKLAHOMA CITY",11,"GEN FUND-FOR OPERAT",4222,"T1-SUB. 3 EVEN ST. B",231030.31
170549,2009,55,I089,55I089,"OKLAHOMA CITY",11,"GEN FUND-FOR OPERAT",4222,"T1-SUB. 3 EVEN ST. B",10149.54
170550,2009,55,I089,55I089,"OKLAHOMA CITY",11,"GEN FUND-FOR OPERAT",4240,"T1-PART D NEG./COR.B",231870.23
170551,2009,55,I089,55I089,"OKLAHOMA CITY",11,"GEN FUND-FOR OPERAT",4240,"T1-PART D NEG./COR.B",-80307.95
170552,2009,55,I089,55I089,"OKLAHOMA CITY",11,"GEN FUND-FOR OPERAT",4271,"T2-PART A RECRUIT  B",3836033.21
170553,2009,55,I089,55I089,"OKLAHOMA CITY",11,"GEN FUND-FOR OPERAT",4271,"T2-PART A RECRUIT  B",77390.42
170554,2009,55,I089,55I089,"OKLAHOMA CITY",11,"GEN FUND-FOR OPERAT",4271,"T2-PART A RECRUIT  B",-76822.40
170555,2009,55,I089,55I089,"OKLAHOMA CITY",11,"GEN FUND-FOR OPERAT",4272,"T2-PART D TECH     B",131459.16
170556,2009,55,I089,55I089,"OKLAHOMA CITY",11,"GEN FUND-FOR OPERAT",4272,"T2-PART D TECH     B",111336.78
170557,2009,55,I089,55I089,"OKLAHOMA CITY",11,"GEN FUND-FOR OPERAT",4272,"T2-PART D TECH     B",-18401.18
170558,2009,55,I089,55I089,"OKLAHOMA CITY",11,"GEN FUND-FOR OPERAT",4272,"T2-PART D TECH     B",-56147.32
170559,2009,55,I089,55I089,"OKLAHOMA CITY",11,"GEN FUND-FOR OPERAT",4273,"T2-PT B MATH/SCI   B",155464.90
170560,2009,55,I089,55I089,"OKLAHOMA CITY",11,"GEN FUND-FOR OPERAT",4273,"T2-PT B MATH/SCI   B",-38820.04
170561,2009,55,I089,55I089,"OKLAHOMA CITY",11,"GEN FUND-FOR OPERAT",4281,"T3-PART A LANGUAGE B",842338.06
170562,2009,55,I089,55I089,"OKLAHOMA CITY",11,"GEN FUND-FOR OPERAT",4281,"T3-PART A LANGUAGE B",132539.01
170563,2009,55,I089,55I089,"OKLAHOMA CITY",11,"GEN FUND-FOR OPERAT",4310,"IDEA PL 105-17",5891.32
170564,2009,55,I089,55I089,"OKLAHOMA CITY",11,"GEN FUND-FOR OPERAT",4310,"IDEA PL 105-17",7725835.29
170565,2009,55,I089,55I089,"OKLAHOMA CITY",11,"GEN FUND-FOR OPERAT",4310,"IDEA PL 105-17",540573.20
170566,2009,55,I089,55I089,"OKLAHOMA CITY",11,"GEN FUND-FOR OPERAT",4310,"IDEA PL 105-17",35961.39
170567,2009,55,I089,55I089,"OKLAHOMA CITY",11,"GEN FUND-FOR OPERAT",4310,"IDEA PL 105-17",-1500.00
170568,2009,55,I089,55I089,"OKLAHOMA CITY",11,"GEN FUND-FOR OPERAT",4310,"IDEA PL 105-17",732939.97
170569,2009,55,I089,55I089,"OKLAHOMA CITY",11,"GEN FUND-FOR OPERAT",4310,"IDEA PL 105-17",-157250.00
170570,2009,55,I089,55I089,"OKLAHOMA CITY",11,"GEN FUND-FOR OPERAT",4310,"IDEA PL 105-17",2251.37
170571,2009,55,I089,55I089,"OKLAHOMA CITY",11,"GEN FUND-FOR OPERAT",4320,"ARRA IDEA PART B",5220039.56
170572,2009,55,I089,55I089,"OKLAHOMA CITY",11,"GEN FUND-FOR OPERAT",4330,"ARRA IDEA PRESCHL B",137011.59
170573,2009,55,I089,55I089,"OKLAHOMA CITY",11,"GEN FUND-FOR OPERAT",4340,"AGES 3-5  IDEA",176769.60
170574,2009,55,I089,55I089,"OKLAHOMA CITY",11,"GEN FUND-FOR OPERAT",4340,"AGES 3-5  IDEA",859.01
170575,2009,55,I089,55I089,"OKLAHOMA CITY",11,"GEN FUND-FOR OPERAT",4340,"AGES 3-5  IDEA",9120.37
170576,2009,55,I089,55I089,"OKLAHOMA CITY",11,"GEN FUND-FOR OPERAT",4441,"T4-PART A SAFE SCH B",381113.85
170577,2009,55,I089,55I089,"OKLAHOMA CITY",11,"GEN FUND-FOR OPERAT",4441,"T4-PART A SAFE SCH B",6166.75
170578,2009,55,I089,55I089,"OKLAHOMA CITY",11,"GEN FUND-FOR OPERAT",4441,"T4-PART A SAFE SCH B",-47565.88
170579,2009,55,I089,55I089,"OKLAHOMA CITY",11,"GEN FUND-FOR OPERAT",4461,"T5-PT A St Gr Innov",38856.40
170580,2009,55,I089,55I089,"OKLAHOMA CITY",11,"GEN FUND-FOR OPERAT",4461,"T5-PT A St Gr Innov",-29864.18
170581,2009,55,I089,55I089,"OKLAHOMA CITY",11,"GEN FUND-FOR OPERAT",4480,"Title 10-HOMELESS",162176.77
170582,2009,55,I089,55I089,"OKLAHOMA CITY",11,"GEN FUND-FOR OPERAT",4480,"Title 10-HOMELESS",10464.41
170583,2009,55,I089,55I089,"OKLAHOMA CITY",11,"GEN FUND-FOR OPERAT",4550,J-O'MALLEY,89933.00
170584,2009,55,I089,55I089,"OKLAHOMA CITY",11,"GEN FUND-FOR OPERAT",4550,J-O'MALLEY,21841.64
170585,2009,55,I089,55I089,"OKLAHOMA CITY",11,"GEN FUND-FOR OPERAT",4580,"MEDICAID RESOURCES",27288.60
170586,2009,55,I089,55I089,"OKLAHOMA CITY",11,"GEN FUND-FOR OPERAT",4611,"ADULT EDUCATION",427870.39
170587,2009,55,I089,55I089,"OKLAHOMA CITY",11,"GEN FUND-FOR OPERAT",4611,"ADULT EDUCATION",32594.12
170588,2009,55,I089,55I089,"OKLAHOMA CITY",11,"GEN FUND-FOR OPERAT",4611,"ADULT EDUCATION",-7447.36
170589,2009,55,I089,55I089,"OKLAHOMA CITY",11,"GEN FUND-FOR OPERAT",4611,"ADULT EDUCATION",2103.28
170590,2009,55,I089,55I089,"OKLAHOMA CITY",11,"GEN FUND-FOR OPERAT",4613,"TANF THRU SDE",355001.62
170591,2009,55,I089,55I089,"OKLAHOMA CITY",11,"GEN FUND-FOR OPERAT",4613,"TANF THRU SDE",25426.35
170592,2009,55,I089,55I089,"OKLAHOMA CITY",11,"GEN FUND-FOR OPERAT",4685,"SERVE AMERICA PROG",150.00
170593,2009,55,I089,55I089,"OKLAHOMA CITY",11,"GEN FUND-FOR OPERAT",4685,"SERVE AMERICA PROG",6164.60
170594,2009,55,I089,55I089,"OKLAHOMA CITY",11,"GEN FUND-FOR OPERAT",4689,"OTH MISC FED REV",15771.94
170595,2009,55,I089,55I089,"OKLAHOMA CITY",11,"GEN FUND-FOR OPERAT",4689,"OTH MISC FED REV",521991.61
170596,2009,55,I089,55I089,"OKLAHOMA CITY",11,"GEN FUND-FOR OPERAT",4689,"OTH MISC FED REV",-97888.19
170597,2009,55,I089,55I089,"OKLAHOMA CITY",11,"GEN FUND-FOR OPERAT",4689,"OTH MISC FED REV",-83114.47
170598,2009,55,I089,55I089,"OKLAHOMA CITY",11,"GEN FUND-FOR OPERAT",4750,"CHILD & ADULT FOOD",26221.88
170599,2009,55,I089,55I089,"OKLAHOMA CITY",11,"GEN FUND-FOR OPERAT",4821,"C PERKINS",720767.68
170600,2009,55,I089,55I089,"OKLAHOMA CITY",11,"GEN FUND-FOR OPERAT",4821,"C PERKINS",319026.25
170601,2009,55,I089,55I089,"OKLAHOMA CITY",11,"GEN FUND-FOR OPERAT",5160,"ACTIVITY FUND REIMB",826039.17
170602,2009,55,I089,55I089,"OKLAHOMA CITY",11,"GEN FUND-FOR OPERAT",6110,"CASH FORWARD",93346630.39
170603,2009,55,I089,55I089,"OKLAHOMA CITY",21,"BUILDING FUND",1110,"AD VAL TX LV (CUR YR",8673414.13
170604,2009,55,I089,55I089,"OKLAHOMA CITY",21,"BUILDING FUND",1120,"AD VAL TX LV (PRIOR)",262152.61
170605,2009,55,I089,55I089,"OKLAHOMA CITY",21,"BUILDING FUND",1120,"AD VAL TX LV (PRIOR)",260294.39
170606,2009,55,I089,55I089,"OKLAHOMA CITY",21,"BUILDING FUND",1130,"REV IN LIEU OF TAXES",43.73
170607,2009,55,I089,55I089,"OKLAHOMA CITY",21,"BUILDING FUND",1310,"INTEREST EARNINGS",17659.88
170608,2009,55,I089,55I089,"OKLAHOMA CITY",21,"BUILDING FUND",1320,"DIV ON INS POLICIES",33163.42
170609,2009,55,I089,55I089,"OKLAHOMA CITY",21,"BUILDING FUND",1590,"MISC REIMBURSEMENTS",6228.00
170610,2009,55,I089,55I089,"OKLAHOMA CITY",21,"BUILDING FUND",3250,"ED FLEX BEN ALLOW",19823.65
170611,2009,55,I089,55I089,"OKLAHOMA CITY",21,"BUILDING FUND",3250,"ED FLEX BEN ALLOW",144279.67
170612,2009,55,I089,55I089,"OKLAHOMA CITY",21,"BUILDING FUND",3250,"ED FLEX BEN ALLOW",282746.36
170613,2009,55,I089,55I089,"OKLAHOMA CITY",21,"BUILDING FUND",6110,"CASH FORWARD",1988377.15
170614,2009,55,I089,55I089,"OKLAHOMA CITY",22,"CHILD NUTRITION PROG",1310,"INTEREST EARNINGS",6869.47
170615,2009,55,I089,55I089,"OKLAHOMA CITY",22,"CHILD NUTRITION PROG",1320,"DIV ON INS POLICIES",36152.34
170616,2009,55,I089,55I089,"OKLAHOMA CITY",22,"CHILD NUTRITION PROG",1590,"MISC REIMBURSEMENTS",2590.80
170617,2009,55,I089,55I089,"OKLAHOMA CITY",22,"CHILD NUTRITION PROG",1710,"STUDENTS' MEALS",1773888.87
170618,2009,55,I089,55I089,"OKLAHOMA CITY",22,"CHILD NUTRITION PROG",1730,"ADULT LUNCHES/BRKFTS",186101.51
170619,2009,55,I089,55I089,"OKLAHOMA CITY",22,"CHILD NUTRITION PROG",1790,"OTH DISTR REV (CNP)",181128.52
170620,2009,55,I089,55I089,"OKLAHOMA CITY",22,"CHILD NUTRITION PROG",3250,"ED FLEX BEN ALLOW",151987.40
170621,2009,55,I089,55I089,"OKLAHOMA CITY",22,"CHILD NUTRITION PROG",3250,"ED FLEX BEN ALLOW",305137.18
170622,2009,55,I089,55I089,"OKLAHOMA CITY",22,"CHILD NUTRITION PROG",3250,"ED FLEX BEN ALLOW",1011797.43
170623,2009,55,I089,55I089,"OKLAHOMA CITY",22,"CHILD NUTRITION PROG",3720,"STATE MATCHING",288783.15
170624,2009,55,I089,55I089,"OKLAHOMA CITY",22,"CHILD NUTRITION PROG",4710,LUNCHES,10981866.83
170625,2009,55,I089,55I089,"OKLAHOMA CITY",22,"CHILD NUTRITION PROG",4720,BREAKFASTS,4195525.49
170626,2009,55,I089,55I089,"OKLAHOMA CITY",22,"CHILD NUTRITION PROG",4740,"SUMMER FOOD SER PROG",382522.27
170627,2009,55,I089,55I089,"OKLAHOMA CITY",22,"CHILD NUTRITION PROG",4770,"ARRA EQUIP ASST CN",23731.28
170628,2009,55,I089,55I089,"OKLAHOMA CITY",22,"CHILD NUTRITION PROG",5160,"ACTIVITY FUND REIMB",3702.57
170629,2009,55,I089,55I089,"OKLAHOMA CITY",22,"CHILD NUTRITION PROG",5190,"MISC REVENUE TRANSF",424902.60
170630,2009,55,I089,55I089,"OKLAHOMA CITY",22,"CHILD NUTRITION PROG",6110,"CASH FORWARD",2299639.79
170631,2009,55,I089,55I089,"OKLAHOMA CITY",24,"MAPS TRUST",1140,"OTHR GOVMT UNITS",28719909.73
170632,2009,55,I089,55I089,"OKLAHOMA CITY",32,"LEA ASSIGNED",1310,"INTEREST EARNINGS",24066.53
170633,2009,55,I089,55I089,"OKLAHOMA CITY",32,"LEA ASSIGNED",6110,"CASH FORWARD",3152809.07
170634,2009,55,I089,55I089,"OKLAHOMA CITY",33,"LEA ASSIGNED",1310,"INTEREST EARNINGS",6.28
170635,2009,55,I089,55I089,"OKLAHOMA CITY",33,"LEA ASSIGNED",6110,"CASH FORWARD",677.80
170636,2009,55,I089,55I089,"OKLAHOMA CITY",34,"LEA ASSIGNED",1310,"INTEREST EARNINGS",23282.24
170637,2009,55,I089,55I089,"OKLAHOMA CITY",34,"LEA ASSIGNED",6110,"CASH FORWARD",2350274.35
170638,2009,55,I089,55I089,"OKLAHOMA CITY",35,"LEA ASSIGNED",1310,"INTEREST EARNINGS",50698.75
170639,2009,55,I089,55I089,"OKLAHOMA CITY",35,"LEA ASSIGNED",6110,"CASH FORWARD",5347289.08
170640,2009,55,I089,55I089,"OKLAHOMA CITY",36,"LEA ASSIGNED",1310,"INTEREST EARNINGS",268271.64
170641,2009,55,I089,55I089,"OKLAHOMA CITY",36,"LEA ASSIGNED",1310,"INTEREST EARNINGS",3068.49
170642,2009,55,I089,55I089,"OKLAHOMA CITY",36,"LEA ASSIGNED",6110,"CASH FORWARD",24630736.19
170643,2009,55,I089,55I089,"OKLAHOMA CITY",37,"LEA ASSIGNED",1310,"INTEREST EARNINGS",239058.28
170644,2009,55,I089,55I089,"OKLAHOMA CITY",37,"LEA ASSIGNED",1310,"INTEREST EARNINGS",13319.11
170645,2009,55,I089,55I089,"OKLAHOMA CITY",37,"LEA ASSIGNED",6110,"CASH FORWARD",17764706.28
170646,2009,55,I089,55I089,"OKLAHOMA CITY",38,"LEA ASSIGNED",1310,"INTEREST EARNINGS",348064.77
170647,2009,55,I089,55I089,"OKLAHOMA CITY",38,"LEA ASSIGNED",1310,"INTEREST EARNINGS",32225.12
170648,2009,55,I089,55I089,"OKLAHOMA CITY",38,"LEA ASSIGNED",1590,"MISC REIMBURSEMENTS",238.05
170649,2009,55,I089,55I089,"OKLAHOMA CITY",38,"LEA ASSIGNED",5112,"PRCEDS SALE ORIG BND",56597867.63
170650,2009,55,I089,55I089,"OKLAHOMA CITY",38,"LEA ASSIGNED",5112,"PRCEDS SALE ORIG BND",2132.37
170651,2009,55,I089,55I089,"OKLAHOMA CITY",38,"LEA ASSIGNED",6110,"CASH FORWARD",24063149.84
170652,2009,55,I089,55I089,"OKLAHOMA CITY",39,"LEA ASSIGNED",1310,"INTEREST EARNINGS",62686.26
170653,2009,55,I089,55I089,"OKLAHOMA CITY",39,"LEA ASSIGNED",6110,"CASH FORWARD",5571820.01
170654,2009,55,I089,55I089,"OKLAHOMA CITY",41,"SINKING FUND",1110,"AD VAL TX LV (CUR YR",18816624.17
170655,2009,55,I089,55I089,"OKLAHOMA CITY",41,"SINKING FUND",1120,"AD VAL TX LV (PRIOR)",797915.99
170656,2009,55,I089,55I089,"OKLAHOMA CITY",41,"SINKING FUND",1120,"AD VAL TX LV (PRIOR)",-72410.27
170657,2009,55,I089,55I089,"OKLAHOMA CITY",41,"SINKING FUND",1130,"REV IN LIEU OF TAXES",131.09
170658,2009,55,I089,55I089,"OKLAHOMA CITY",41,"SINKING FUND",1310,"INTEREST EARNINGS",519278.72
170659,2009,55,I089,55I089,"OKLAHOMA CITY",41,"SINKING FUND",1310,"INTEREST EARNINGS",4220.59
170660,2009,55,I089,55I089,"OKLAHOMA CITY",41,"SINKING FUND",5111,"PREMIUM ON BNDS SOLD",441954.16
170661,2009,55,I089,55I089,"OKLAHOMA CITY",41,"SINKING FUND",6110,"CASH FORWARD",36938121.75
170662,2009,55,I089,55I089,"OKLAHOMA CITY",60,"SCHOOL ACTIVITY FNDS",1214,"GED TESTING FEES",17782.00
170663,2009,55,I089,55I089,"OKLAHOMA CITY",60,"SCHOOL ACTIVITY FNDS",1220,"CONTINUING EDUCATION",20790.00
170664,2009,55,I089,55I089,"OKLAHOMA CITY",60,"SCHOOL ACTIVITY FNDS",1253,"UNDERAGE TUITION",3091.75
170665,2009,55,I089,55I089,"OKLAHOMA CITY",60,"SCHOOL ACTIVITY FNDS",1260,"EXTENDED SCHOOL CARE",614602.06
170666,2009,55,I089,55I089,"OKLAHOMA CITY",60,"SCHOOL ACTIVITY FNDS",1290,"OTHER TUITION & FEES",399.71
170667,2009,55,I089,55I089,"OKLAHOMA CITY",60,"SCHOOL ACTIVITY FNDS",1310,"INTEREST EARNINGS",13991.22
170668,2009,55,I089,55I089,"OKLAHOMA CITY",60,"SCHOOL ACTIVITY FNDS",1340,"ACCR INT ON BOND SLS",64.98
170669,2009,55,I089,55I089,"OKLAHOMA CITY",60,"SCHOOL ACTIVITY FNDS",1350,"INTEREST ON TAXES",9.78
170670,2009,55,I089,55I089,"OKLAHOMA CITY",60,"SCHOOL ACTIVITY FNDS",1410,"RNTL OF SCH FAC",358.30
170671,2009,55,I089,55I089,"OKLAHOMA CITY",60,"SCHOOL ACTIVITY FNDS",1450,"BOOKSTORE REVENUE",261.09
170672,2009,55,I089,55I089,"OKLAHOMA CITY",60,"SCHOOL ACTIVITY FNDS",1460,COMMISSIONS,32521.32
170673,2009,55,I089,55I089,"OKLAHOMA CITY",60,"SCHOOL ACTIVITY FNDS",1460,COMMISSIONS,311053.41
170674,2009,55,I089,55I089,"OKLAHOMA CITY",60,"SCHOOL ACTIVITY FNDS",1510,"INS LOSS RECOVERIES",30.00
170675,2009,55,I089,55I089,"OKLAHOMA CITY",60,"SCHOOL ACTIVITY FNDS",1530,"DAMAGES TO SCH PROP",520.08
170676,2009,55,I089,55I089,"OKLAHOMA CITY",60,"SCHOOL ACTIVITY FNDS",1540,"LOST TEXTBOOKS",33628.26
170677,2009,55,I089,55I089,"OKLAHOMA CITY",60,"SCHOOL ACTIVITY FNDS",1560,"MEDIA SERVICES",7.77
170678,2009,55,I089,55I089,"OKLAHOMA CITY",60,"SCHOOL ACTIVITY FNDS",1580,"SCH SPON ACT TRAN FS",28289.44
170679,2009,55,I089,55I089,"OKLAHOMA CITY",60,"SCHOOL ACTIVITY FNDS",1590,"MISC REIMBURSEMENTS",874.37
170680,2009,55,I089,55I089,"OKLAHOMA CITY",60,"SCHOOL ACTIVITY FNDS",1610,"CONTRB & DNTS-PR SCS",68591.55
170681,2009,55,I089,55I089,"OKLAHOMA CITY",60,"SCHOOL ACTIVITY FNDS",1610,"CONTRB & DNTS-PR SCS",952071.80
170682,2009,55,I089,55I089,"OKLAHOMA CITY",60,"SCHOOL ACTIVITY FNDS",1640,ENDOWMENTS,490.58
170683,2009,55,I089,55I089,"OKLAHOMA CITY",60,"SCHOOL ACTIVITY FNDS",1650,"DISTRICT CONTRACTS",3054.58
170684,2009,55,I089,55I089,"OKLAHOMA CITY",60,"SCHOOL ACTIVITY FNDS",1690,"MISC REV-DISTR SRCS",3570.00
170685,2009,55,I089,55I089,"OKLAHOMA CITY",60,"SCHOOL ACTIVITY FNDS",1810,ADMISSIONS,153796.47
170686,2009,55,I089,55I089,"OKLAHOMA CITY",60,"SCHOOL ACTIVITY FNDS",1810,ADMISSIONS,37559.00
170687,2009,55,I089,55I089,"OKLAHOMA CITY",60,"SCHOOL ACTIVITY FNDS",1820,"ADVTSNG & PROG SALES",75.00
170688,2009,55,I089,55I089,"OKLAHOMA CITY",60,"SCHOOL ACTIVITY FNDS",1820,"ADVTSNG & PROG SALES",4478.00
170689,2009,55,I089,55I089,"OKLAHOMA CITY",60,"SCHOOL ACTIVITY FNDS",1830,CONCESSIONS,206.25
170690,2009,55,I089,55I089,"OKLAHOMA CITY",60,"SCHOOL ACTIVITY FNDS",1830,CONCESSIONS,41128.01
170691,2009,55,I089,55I089,"OKLAHOMA CITY",60,"SCHOOL ACTIVITY FNDS",1830,CONCESSIONS,3173.81
170692,2009,55,I089,55I089,"OKLAHOMA CITY",60,"SCHOOL ACTIVITY FNDS",1840,"DUES & MEMBERSHIPS",2870.00
170693,2009,55,I089,55I089,"OKLAHOMA CITY",60,"SCHOOL ACTIVITY FNDS",1840,"DUES & MEMBERSHIPS",9771.18
170694,2009,55,I089,55I089,"OKLAHOMA CITY",60,"SCHOOL ACTIVITY FNDS",1850,"FEES PENALTIES FINES",3911.00
170695,2009,55,I089,55I089,"OKLAHOMA CITY",60,"SCHOOL ACTIVITY FNDS",1850,"FEES PENALTIES FINES",200.00
170696,2009,55,I089,55I089,"OKLAHOMA CITY",60,"SCHOOL ACTIVITY FNDS",1860,"GAME CONTR & GUARAN",5340.37
170697,2009,55,I089,55I089,"OKLAHOMA CITY",60,"SCHOOL ACTIVITY FNDS",1860,"GAME CONTR & GUARAN",5300.24
170698,2009,55,I089,55I089,"OKLAHOMA CITY",60,"SCHOOL ACTIVITY FNDS",1880,"SPLS & MTRLS SOLD-ST",1963.44
170699,2009,55,I089,55I089,"OKLAHOMA CITY",60,"SCHOOL ACTIVITY FNDS",1890,"OTH ATHLETIC REV",10445.53
170700,2009,55,I089,55I089,"OKLAHOMA CITY",60,"SCHOOL ACTIVITY FNDS",1890,"OTH ATHLETIC REV",1352.00
170701,2009,55,I089,55I089,"OKLAHOMA CITY",60,"SCHOOL ACTIVITY FNDS",1910,ADMISSIONS,4601.43
170702,2009,55,I089,55I089,"OKLAHOMA CITY",60,"SCHOOL ACTIVITY FNDS",1910,ADMISSIONS,121349.37
170703,2009,55,I089,55I089,"OKLAHOMA CITY",60,"SCHOOL ACTIVITY FNDS",1920,"CONCESSIONS SALES",2307.12
170704,2009,55,I089,55I089,"OKLAHOMA CITY",60,"SCHOOL ACTIVITY FNDS",1920,"CONCESSIONS SALES",6534.65
170705,2009,55,I089,55I089,"OKLAHOMA CITY",60,"SCHOOL ACTIVITY FNDS",1950,"REV FM RESALE MCHD",-127.00
170706,2009,55,I089,55I089,"OKLAHOMA CITY",60,"SCHOOL ACTIVITY FNDS",1950,"REV FM RESALE MCHD",64389.15
170707,2009,55,I089,55I089,"OKLAHOMA CITY",60,"SCHOOL ACTIVITY FNDS",1950,"REV FM RESALE MCHD",1253090.38
170708,2009,55,I089,55I089,"OKLAHOMA CITY",60,"SCHOOL ACTIVITY FNDS",1960,"STD ACTIVITY TKTS",8982.48
170709,2009,55,I089,55I089,"OKLAHOMA CITY",60,"SCHOOL ACTIVITY FNDS",1970,"STD CLUBS & ORGS",7762.51
170710,2009,55,I089,55I089,"OKLAHOMA CITY",60,"SCHOOL ACTIVITY FNDS",1970,"STD CLUBS & ORGS",101320.54
170711,2009,55,I089,55I089,"OKLAHOMA CITY",60,"SCHOOL ACTIVITY FNDS",1980,"STUDENT STORE SALES",12147.71
170712,2009,55,I089,55I089,"OKLAHOMA CITY",60,"SCHOOL ACTIVITY FNDS",1990,"OTH SCH ACT FND RCP",30712.40
170713,2009,55,I089,55I089,"OKLAHOMA CITY",60,"SCHOOL ACTIVITY FNDS",1990,"OTH SCH ACT FND RCP",519773.73
170714,2009,55,I089,55I089,"OKLAHOMA CITY",60,"SCHOOL ACTIVITY FNDS",5120,"CASH OR CHANGE",12978.45
170715,2009,55,I089,55I089,"OKLAHOMA CITY",60,"SCHOOL ACTIVITY FNDS",5120,"CASH OR CHANGE",4306.64
170716,2009,55,I089,55I089,"OKLAHOMA CITY",60,"SCHOOL ACTIVITY FNDS",5190,"MISC REVENUE TRANSF",0.10
170717,2009,55,I089,55I089,"OKLAHOMA CITY",60,"SCHOOL ACTIVITY FNDS",5600,"CORRECTING ENTRY",27595.06
170718,2009,55,I089,55I089,"OKLAHOMA CITY",60,"SCHOOL ACTIVITY FNDS",5600,"CORRECTING ENTRY",52267.97
170719,2009,55,I089,55I089,"OKLAHOMA CITY",60,"SCHOOL ACTIVITY FNDS",6110,"CASH FORWARD",687827.90
170720,2009,55,I089,55I089,"OKLAHOMA CITY",60,"SCHOOL ACTIVITY FNDS",6110,"CASH FORWARD",1031741.84
170721,2009,55,I089,55I089,"OKLAHOMA CITY",81,"GIFTS FUND",1310,"INTEREST EARNINGS",227.12
170722,2009,55,I089,55I089,"OKLAHOMA CITY",81,"GIFTS FUND",1610,"CONTRB & DNTS-PR SCS",31660.21
170723,2009,55,I089,55I089,"OKLAHOMA CITY",81,"GIFTS FUND",5600,"CORRECTING ENTRY",136.91
170724,2009,55,I089,55I089,"OKLAHOMA CITY",81,"GIFTS FUND",6110,"CASH FORWARD",64057.39
170725,2009,55,I089,55I089,"OKLAHOMA CITY",86,"CAS/FLOOD INS FUND",1310,"INTEREST EARNINGS",47063.68
170726,2009,55,I089,55I089,"OKLAHOMA CITY",86,"CAS/FLOOD INS FUND",6110,"CASH FORWARD",5076583.97
